time,region,min,max,mean
2024-06-28 16:30:00,Yolo Bypass,0.0,0.3,0.1
2024-06-28 16:30:00,Sacramento River,0.0,0.1,0.1
2024-06-28 16:30:00,East Delta,0.0,0.1,0.1
2024-06-28 16:30:00,Lower Sacramento River,0.1,0.6,0.2
2024-06-28 16:30:00,South Delta,0.1,0.7,0.1
2024-06-28 16:30:00,Suisun Marsh,0.3,5.9,2.6
2024-06-28 16:30:00,Confluence,0.2,2.1,0.9
2024-06-28 16:30:00,Lower San Joaquin River,0.1,0.3,0.1
2024-06-28 16:30:00,SW Suisun,7.7,14.0,11.3
2024-06-28 16:30:00,SE Suisun,1.6,11.2,4.6
2024-06-28 16:30:00,NE Suisun,1.2,7.3,4.1
2024-06-28 16:30:00,NW Suisun,2.6,12.6,6.5
2024-06-29 16:30:00,Yolo Bypass,0.0,0.3,0.1
2024-06-29 16:30:00,Sacramento River,0.0,0.1,0.1
2024-06-29 16:30:00,East Delta,0.0,0.1,0.1
2024-06-29 16:30:00,Lower Sacramento River,0.1,0.6,0.2
2024-06-29 16:30:00,South Delta,0.1,0.7,0.1
2024-06-29 16:30:00,Suisun Marsh,0.3,6.0,2.6
2024-06-29 16:30:00,Confluence,0.2,2.0,0.9
2024-06-29 16:30:00,Lower San Joaquin River,0.1,0.3,0.1
2024-06-29 16:30:00,SW Suisun,7.6,13.5,11.1
2024-06-29 16:30:00,SE Suisun,1.6,11.3,4.6
2024-06-29 16:30:00,NE Suisun,1.2,7.5,4.2
2024-06-29 16:30:00,NW Suisun,2.6,12.3,6.5
2024-06-30 16:30:00,Yolo Bypass,0.0,0.3,0.1
2024-06-30 16:30:00,Sacramento River,0.0,0.1,0.1
2024-06-30 16:30:00,East Delta,0.0,0.1,0.1
2024-06-30 16:30:00,Lower Sacramento River,0.1,0.6,0.2
2024-06-30 16:30:00,South Delta,0.1,0.7,0.1
2024-06-30 16:30:00,Suisun Marsh,0.3,6.5,2.7
2024-06-30 16:30:00,Confluence,0.1,2.1,0.9
2024-06-30 16:30:00,Lower San Joaquin River,0.1,0.4,0.1
2024-06-30 16:30:00,SW Suisun,7.7,13.4,11.1
2024-06-30 16:30:00,SE Suisun,1.6,12.1,4.7
2024-06-30 16:30:00,NE Suisun,1.2,8.2,4.3
2024-06-30 16:30:00,NW Suisun,2.8,12.1,6.6
2024-07-01 16:30:00,Yolo Bypass,0.0,0.3,0.1
2024-07-01 16:30:00,Sacramento River,0.0,0.1,0.0
2024-07-01 16:30:00,East Delta,0.0,0.1,0.1
2024-07-01 16:30:00,Lower Sacramento River,0.1,0.7,0.2
2024-07-01 16:30:00,South Delta,0.1,0.8,0.1
2024-07-01 16:30:00,Suisun Marsh,0.3,7.2,2.8
2024-07-01 16:30:00,Confluence,0.1,3.8,1.0
2024-07-01 16:30:00,Lower San Joaquin River,0.1,0.4,0.1
2024-07-01 16:30:00,SW Suisun,8.2,13.8,11.5
2024-07-01 16:30:00,SE Suisun,1.9,12.8,5.1
2024-07-01 16:30:00,NE Suisun,1.2,9.3,4.6
2024-07-01 16:30:00,NW Suisun,1.7,12.4,6.9
2024-07-02 16:30:00,Yolo Bypass,0.0,0.3,0.1
2024-07-02 16:30:00,Sacramento River,0.0,0.1,0.0
2024-07-02 16:30:00,East Delta,0.0,0.1,0.1
2024-07-02 16:30:00,Lower Sacramento River,0.1,0.9,0.3
2024-07-02 16:30:00,South Delta,0.1,0.8,0.1
2024-07-02 16:30:00,Suisun Marsh,0.3,7.8,2.9
2024-07-02 16:30:00,Confluence,0.1,4.1,1.3
2024-07-02 16:30:00,Lower San Joaquin River,0.1,0.6,0.1
2024-07-02 16:30:00,SW Suisun,9.0,14.3,12.1
2024-07-02 16:30:00,SE Suisun,2.4,12.7,5.7
2024-07-02 16:30:00,NE Suisun,1.2,10.2,5.2
2024-07-02 16:30:00,NW Suisun,1.8,13.2,7.3
2024-07-03 16:30:00,Yolo Bypass,0.0,0.3,0.1
2024-07-03 16:30:00,Sacramento River,0.0,0.1,0.0
2024-07-03 16:30:00,East Delta,0.0,0.1,0.1
2024-07-03 16:30:00,Lower Sacramento River,0.1,1.1,0.4
2024-07-03 16:30:00,South Delta,0.1,0.8,0.1
2024-07-03 16:30:00,Suisun Marsh,0.3,7.8,3.0
2024-07-03 16:30:00,Confluence,0.1,5.2,1.5
2024-07-03 16:30:00,Lower San Joaquin River,0.1,0.7,0.2
2024-07-03 16:30:00,SW Suisun,9.4,14.4,12.3
2024-07-03 16:30:00,SE Suisun,2.7,13.6,6.0
2024-07-03 16:30:00,NE Suisun,1.2,10.7,5.6
2024-07-03 16:30:00,NW Suisun,1.7,13.8,7.7
2024-07-04 16:30:00,Yolo Bypass,0.0,0.3,0.1
2024-07-04 16:30:00,Sacramento River,0.0,0.1,0.0
2024-07-04 16:30:00,East Delta,0.0,0.1,0.1
2024-07-04 16:30:00,Lower Sacramento River,0.1,1.3,0.4
2024-07-04 16:30:00,South Delta,0.1,0.8,0.1
2024-07-04 16:30:00,Suisun Marsh,0.3,8.1,3.2
2024-07-04 16:30:00,Confluence,0.1,4.7,1.6
2024-07-04 16:30:00,Lower San Joaquin River,0.1,0.8,0.2
2024-07-04 16:30:00,SW Suisun,9.3,14.4,12.3
2024-07-04 16:30:00,SE Suisun,2.7,13.6,6.1
2024-07-04 16:30:00,NE Suisun,1.2,10.4,5.7
2024-07-04 16:30:00,NW Suisun,1.7,13.5,7.8
2024-07-05 16:30:00,Yolo Bypass,0.0,0.3,0.1
2024-07-05 16:30:00,Sacramento River,0.0,0.1,0.1
2024-07-05 16:30:00,East Delta,0.0,0.1,0.1
2024-07-05 16:30:00,Lower Sacramento River,0.1,1.3,0.5
2024-07-05 16:30:00,South Delta,0.1,0.8,0.1
2024-07-05 16:30:00,Suisun Marsh,0.3,8.0,3.3
2024-07-05 16:30:00,Confluence,0.1,4.5,1.7
2024-07-05 16:30:00,Lower San Joaquin River,0.1,0.8,0.2
2024-07-05 16:30:00,SW Suisun,9.4,14.5,12.4
2024-07-05 16:30:00,SE Suisun,2.8,13.8,6.2
2024-07-05 16:30:00,NE Suisun,1.2,10.3,5.9
2024-07-05 16:30:00,NW Suisun,1.7,13.8,8.0
2024-07-06 16:30:00,Yolo Bypass,0.0,0.3,0.1
2024-07-06 16:30:00,Sacramento River,0.0,0.1,0.0
2024-07-06 16:30:00,East Delta,0.0,0.1,0.0
2024-07-06 16:30:00,Lower Sacramento River,0.1,1.3,0.5
2024-07-06 16:30:00,South Delta,0.1,0.8,0.1
2024-07-06 16:30:00,Suisun Marsh,0.3,7.9,3.4
2024-07-06 16:30:00,Confluence,0.1,4.4,1.7
2024-07-06 16:30:00,Lower San Joaquin River,0.1,0.9,0.2
2024-07-06 16:30:00,SW Suisun,9.4,14.5,12.3
2024-07-06 16:30:00,SE Suisun,2.8,12.6,6.1
2024-07-06 16:30:00,NE Suisun,1.3,9.8,5.9
2024-07-06 16:30:00,NW Suisun,1.7,13.3,8.0
2024-07-07 16:30:00,Yolo Bypass,0.0,0.3,0.1
2024-07-07 16:30:00,Sacramento River,0.0,0.1,0.0
2024-07-07 16:30:00,East Delta,0.0,0.1,0.0
2024-07-07 16:30:00,Lower Sacramento River,0.1,1.3,0.5
2024-07-07 16:30:00,South Delta,0.0,0.8,0.1
2024-07-07 16:30:00,Suisun Marsh,0.3,7.8,3.5
2024-07-07 16:30:00,Confluence,0.2,4.2,1.7
2024-07-07 16:30:00,Lower San Joaquin River,0.1,0.9,0.2
2024-07-07 16:30:00,SW Suisun,9.4,14.6,12.4
2024-07-07 16:30:00,SE Suisun,2.8,12.3,6.1
2024-07-07 16:30:00,NE Suisun,1.3,9.7,5.9
2024-07-07 16:30:00,NW Suisun,4.1,13.2,8.1
2024-07-08 16:30:00,Yolo Bypass,0.0,0.3,0.1
2024-07-08 16:30:00,Sacramento River,0.0,0.1,0.0
2024-07-08 16:30:00,East Delta,0.0,0.1,0.0
2024-07-08 16:30:00,Lower Sacramento River,0.1,1.3,0.4
2024-07-08 16:30:00,South Delta,0.0,0.8,0.1
2024-07-08 16:30:00,Suisun Marsh,0.3,7.7,3.6
2024-07-08 16:30:00,Confluence,0.2,3.1,1.6
2024-07-08 16:30:00,Lower San Joaquin River,0.1,0.9,0.2
2024-07-08 16:30:00,SW Suisun,9.3,14.7,12.4
2024-07-08 16:30:00,SE Suisun,2.7,12.0,6.0
2024-07-08 16:30:00,NE Suisun,1.3,9.1,5.8
2024-07-08 16:30:00,NW Suisun,4.0,13.2,8.1
2024-07-09 16:30:00,Yolo Bypass,0.0,0.3,0.1
2024-07-09 16:30:00,Sacramento River,0.0,0.1,0.0
2024-07-09 16:30:00,East Delta,0.0,0.1,0.0
2024-07-09 16:30:00,Lower Sacramento River,0.1,1.0,0.3
2024-07-09 16:30:00,South Delta,0.0,0.8,0.1
2024-07-09 16:30:00,Suisun Marsh,0.3,7.5,3.5
2024-07-09 16:30:00,Confluence,0.2,2.8,1.4
2024-07-09 16:30:00,Lower San Joaquin River,0.0,0.8,0.2
2024-07-09 16:30:00,SW Suisun,8.6,14.5,12.1
2024-07-09 16:30:00,SE Suisun,2.4,10.1,5.6
2024-07-09 16:30:00,NE Suisun,1.3,8.7,5.5
2024-07-09 16:30:00,NW Suisun,4.1,13.0,7.8
2024-07-10 16:30:00,Yolo Bypass,0.0,0.3,0.1
2024-07-10 16:30:00,Sacramento River,0.0,0.1,0.0
2024-07-10 16:30:00,East Delta,0.0,0.1,0.0
2024-07-10 16:30:00,Lower Sacramento River,0.0,0.8,0.3
2024-07-10 16:30:00,South Delta,0.0,0.8,0.1
2024-07-10 16:30:00,Suisun Marsh,0.3,7.5,3.5
2024-07-10 16:30:00,Confluence,0.2,2.7,1.3
2024-07-10 16:30:00,Lower San Joaquin River,0.0,0.7,0.2
2024-07-10 16:30:00,SW Suisun,8.5,15.1,12.2
2024-07-10 16:30:00,SE Suisun,2.3,10.2,5.4
2024-07-10 16:30:00,NE Suisun,1.3,8.2,5.2
2024-07-10 16:30:00,NW Suisun,5.6,13.6,7.7
2024-07-11 16:30:00,Yolo Bypass,0.0,0.3,0.1
2024-07-11 16:30:00,Sacramento River,0.0,0.1,0.0
2024-07-11 16:30:00,East Delta,0.0,0.1,0.0
2024-07-11 16:30:00,Lower Sacramento River,0.0,0.8,0.2
2024-07-11 16:30:00,South Delta,0.0,0.8,0.1
2024-07-11 16:30:00,Suisun Marsh,0.3,7.5,3.6
2024-07-11 16:30:00,Confluence,0.2,2.7,1.3
2024-07-11 16:30:00,Lower San Joaquin River,0.0,0.7,0.2
2024-07-11 16:30:00,SW Suisun,9.0,15.8,12.8
2024-07-11 16:30:00,SE Suisun,2.2,10.5,5.5
2024-07-11 16:30:00,NE Suisun,1.3,8.7,5.3
2024-07-11 16:30:00,NW Suisun,4.1,14.4,7.9
2024-07-12 16:30:00,Yolo Bypass,0.0,0.3,0.1
2024-07-12 16:30:00,Sacramento River,0.0,0.1,0.0
2024-07-12 16:30:00,East Delta,0.0,0.1,0.0
2024-07-12 16:30:00,Lower Sacramento River,0.0,0.8,0.2
2024-07-12 16:30:00,South Delta,0.0,0.8,0.1
2024-07-12 16:30:00,Suisun Marsh,0.3,7.6,3.6
2024-07-12 16:30:00,Confluence,0.2,2.8,1.4
2024-07-12 16:30:00,Lower San Joaquin River,0.0,0.7,0.2
2024-07-12 16:30:00,SW Suisun,9.5,16.1,13.2
2024-07-12 16:30:00,SE Suisun,2.3,10.6,5.7
2024-07-12 16:30:00,NE Suisun,1.3,9.2,5.7
2024-07-12 16:30:00,NW Suisun,4.2,14.9,8.4
2024-07-13 16:30:00,Yolo Bypass,0.0,0.2,0.1
2024-07-13 16:30:00,Sacramento River,0.0,0.1,0.0
2024-07-13 16:30:00,East Delta,0.0,0.1,0.0
2024-07-13 16:30:00,Lower Sacramento River,0.0,0.8,0.2
2024-07-13 16:30:00,South Delta,0.0,0.8,0.1
2024-07-13 16:30:00,Suisun Marsh,0.3,7.9,3.7
2024-07-13 16:30:00,Confluence,0.2,2.6,1.3
2024-07-13 16:30:00,Lower San Joaquin River,0.0,0.7,0.2
2024-07-13 16:30:00,SW Suisun,8.9,15.5,12.7
2024-07-13 16:30:00,SE Suisun,2.1,10.1,5.3
2024-07-13 16:30:00,NE Suisun,1.3,8.5,5.6
2024-07-13 16:30:00,NW Suisun,4.2,14.3,8.3
2024-07-14 16:30:00,Yolo Bypass,0.0,0.2,0.1
2024-07-14 16:30:00,Sacramento River,0.0,0.1,0.0
2024-07-14 16:30:00,East Delta,0.0,0.1,0.0
2024-07-14 16:30:00,Lower Sacramento River,0.0,0.8,0.2
2024-07-14 16:30:00,South Delta,0.0,0.8,0.1
2024-07-14 16:30:00,Suisun Marsh,0.3,8.2,3.8
2024-07-14 16:30:00,Confluence,0.2,2.6,1.2
2024-07-14 16:30:00,Lower San Joaquin River,0.1,0.7,0.2
2024-07-14 16:30:00,SW Suisun,9.1,15.5,12.7
2024-07-14 16:30:00,SE Suisun,2.2,10.3,5.3
2024-07-14 16:30:00,NE Suisun,1.3,9.6,5.5
2024-07-14 16:30:00,NW Suisun,4.3,14.3,8.4
2024-07-15 16:30:00,Yolo Bypass,0.0,0.2,0.1
2024-07-15 16:30:00,Sacramento River,0.0,0.1,0.0
2024-07-15 16:30:00,East Delta,0.0,0.1,0.0
2024-07-15 16:30:00,Lower Sacramento River,0.1,0.9,0.3
2024-07-15 16:30:00,South Delta,0.0,0.8,0.1
2024-07-15 16:30:00,Suisun Marsh,0.3,8.3,3.9
2024-07-15 16:30:00,Confluence,0.2,2.5,1.2
2024-07-15 16:30:00,Lower San Joaquin River,0.1,0.6,0.2
2024-07-15 16:30:00,SW Suisun,9.1,15.4,12.7
2024-07-15 16:30:00,SE Suisun,2.1,13.2,5.4
2024-07-15 16:30:00,NE Suisun,1.3,10.0,5.5
2024-07-15 16:30:00,NW Suisun,4.0,14.1,8.3
2024-07-16 16:30:00,Yolo Bypass,0.0,0.2,0.1
2024-07-16 16:30:00,Sacramento River,0.0,0.1,0.0
2024-07-16 16:30:00,East Delta,0.0,0.1,0.0
2024-07-16 16:30:00,Lower Sacramento River,0.1,0.8,0.3
2024-07-16 16:30:00,South Delta,0.0,0.8,0.1
2024-07-16 16:30:00,Suisun Marsh,0.3,7.8,3.9
2024-07-16 16:30:00,Confluence,0.2,2.4,1.1
2024-07-16 16:30:00,Lower San Joaquin River,0.1,0.6,0.2
2024-07-16 16:30:00,SW Suisun,8.6,14.9,12.2
2024-07-16 16:30:00,SE Suisun,1.9,13.1,5.2
2024-07-16 16:30:00,NE Suisun,1.3,9.7,5.1
2024-07-16 16:30:00,NW Suisun,4.1,13.5,8.0
2024-07-17 16:30:00,Yolo Bypass,0.0,0.2,0.1
2024-07-17 16:30:00,Sacramento River,0.0,0.1,0.0
2024-07-17 16:30:00,East Delta,0.0,0.1,0.0
2024-07-17 16:30:00,Lower Sacramento River,0.1,0.8,0.3
2024-07-17 16:30:00,South Delta,0.0,0.8,0.1
2024-07-17 16:30:00,Suisun Marsh,0.3,7.8,3.9
2024-07-17 16:30:00,Confluence,0.1,3.7,1.1
2024-07-17 16:30:00,Lower San Joaquin River,0.1,0.6,0.2
2024-07-17 16:30:00,SW Suisun,8.5,14.6,12.2
2024-07-17 16:30:00,SE Suisun,1.9,13.3,5.2
2024-07-17 16:30:00,NE Suisun,1.3,9.7,5.0
2024-07-17 16:30:00,NW Suisun,1.7,13.2,7.8
2024-07-18 16:30:00,Yolo Bypass,0.0,0.2,0.1
2024-07-18 16:30:00,Sacramento River,0.0,0.1,0.0
2024-07-18 16:30:00,East Delta,0.0,0.1,0.0
2024-07-18 16:30:00,Lower Sacramento River,0.1,0.8,0.3
2024-07-18 16:30:00,South Delta,0.0,0.8,0.1
2024-07-18 16:30:00,Suisun Marsh,0.3,7.6,3.9
2024-07-18 16:30:00,Confluence,0.1,4.0,1.1
2024-07-18 16:30:00,Lower San Joaquin River,0.1,0.6,0.2
2024-07-18 16:30:00,SW Suisun,8.6,14.3,12.1
2024-07-18 16:30:00,SE Suisun,2.0,12.6,5.3
2024-07-18 16:30:00,NE Suisun,1.3,9.7,4.9
2024-07-18 16:30:00,NW Suisun,1.7,13.5,7.6
2024-07-19 16:30:00,Yolo Bypass,0.0,0.2,0.1
2024-07-19 16:30:00,Sacramento River,0.0,0.1,0.0
2024-07-19 16:30:00,East Delta,0.0,0.1,0.0
2024-07-19 16:30:00,Lower Sacramento River,0.1,0.9,0.3
2024-07-19 16:30:00,South Delta,0.0,0.8,0.1
2024-07-19 16:30:00,Suisun Marsh,0.3,7.7,3.9
2024-07-19 16:30:00,Confluence,0.2,4.3,1.2
2024-07-19 16:30:00,Lower San Joaquin River,0.1,0.6,0.2
2024-07-19 16:30:00,SW Suisun,8.9,14.5,12.2
2024-07-19 16:30:00,SE Suisun,2.2,13.5,5.6
2024-07-19 16:30:00,NE Suisun,1.3,10.2,5.1
2024-07-19 16:30:00,NW Suisun,1.7,13.3,7.6
2024-07-20 16:30:00,Yolo Bypass,0.0,0.2,0.1
2024-07-20 16:30:00,Sacramento River,0.0,0.1,0.0
2024-07-20 16:30:00,East Delta,0.0,0.1,0.0
2024-07-20 16:30:00,Lower Sacramento River,0.1,0.9,0.3
2024-07-20 16:30:00,South Delta,0.0,0.8,0.1
2024-07-20 16:30:00,Suisun Marsh,0.3,7.8,4.0
2024-07-20 16:30:00,Confluence,0.1,4.3,1.3
2024-07-20 16:30:00,Lower San Joaquin River,0.1,0.7,0.2
2024-07-20 16:30:00,SW Suisun,8.9,14.2,12.1
2024-07-20 16:30:00,SE Suisun,2.3,13.7,5.7
2024-07-20 16:30:00,NE Suisun,1.3,10.5,5.2
2024-07-20 16:30:00,NW Suisun,1.8,13.5,7.6
2024-07-21 16:30:00,Yolo Bypass,0.0,0.2,0.1
2024-07-21 16:30:00,Sacramento River,0.0,0.1,0.0
2024-07-21 16:30:00,East Delta,0.0,0.1,0.0
2024-07-21 16:30:00,Lower Sacramento River,0.1,1.0,0.3
2024-07-21 16:30:00,South Delta,0.0,0.8,0.1
2024-07-21 16:30:00,Suisun Marsh,0.3,7.6,4.0
2024-07-21 16:30:00,Confluence,0.1,3.8,1.3
2024-07-21 16:30:00,Lower San Joaquin River,0.1,0.7,0.2
2024-07-21 16:30:00,SW Suisun,9.0,14.0,11.9
2024-07-21 16:30:00,SE Suisun,2.3,13.3,5.7
2024-07-21 16:30:00,NE Suisun,1.3,10.0,5.3
2024-07-21 16:30:00,NW Suisun,1.9,13.6,7.6
2024-07-22 16:30:00,Yolo Bypass,0.0,0.2,0.1
2024-07-22 16:30:00,Sacramento River,0.0,0.1,0.0
2024-07-22 16:30:00,East Delta,0.0,0.1,0.0
2024-07-22 16:30:00,Lower Sacramento River,0.1,1.0,0.3
2024-07-22 16:30:00,South Delta,0.0,0.8,0.1
2024-07-22 16:30:00,Suisun Marsh,0.3,7.5,4.1
2024-07-22 16:30:00,Confluence,0.1,3.8,1.4
2024-07-22 16:30:00,Lower San Joaquin River,0.1,0.7,0.2
2024-07-22 16:30:00,SW Suisun,8.9,14.1,12.0
2024-07-22 16:30:00,SE Suisun,2.4,12.2,5.8
2024-07-22 16:30:00,NE Suisun,1.3,9.1,5.4
2024-07-22 16:30:00,NW Suisun,1.9,12.7,7.7
2024-07-23 16:30:00,Yolo Bypass,0.0,0.1,0.1
2024-07-23 16:30:00,Sacramento River,0.0,0.1,0.0
2024-07-23 16:30:00,East Delta,0.0,0.1,0.0
2024-07-23 16:30:00,Lower Sacramento River,0.1,1.0,0.3
2024-07-23 16:30:00,South Delta,0.0,0.8,0.1
2024-07-23 16:30:00,Suisun Marsh,0.4,7.1,4.1
2024-07-23 16:30:00,Confluence,0.2,3.6,1.4
2024-07-23 16:30:00,Lower San Joaquin River,0.1,0.7,0.2
2024-07-23 16:30:00,SW Suisun,9.0,14.4,12.1
2024-07-23 16:30:00,SE Suisun,2.4,11.5,5.7
2024-07-23 16:30:00,NE Suisun,1.3,8.7,5.4
2024-07-23 16:30:00,NW Suisun,1.9,12.8,7.7
2024-07-24 16:30:00,Yolo Bypass,0.0,0.1,0.1
2024-07-24 16:30:00,Sacramento River,0.0,0.1,0.0
2024-07-24 16:30:00,East Delta,0.0,0.1,0.0
2024-07-24 16:30:00,Lower Sacramento River,0.1,0.9,0.3
2024-07-24 16:30:00,South Delta,0.0,0.8,0.1
2024-07-24 16:30:00,Suisun Marsh,0.4,6.8,4.0
2024-07-24 16:30:00,Confluence,0.2,2.7,1.3
2024-07-24 16:30:00,Lower San Joaquin River,0.1,0.7,0.2
2024-07-24 16:30:00,SW Suisun,8.6,14.3,11.9
2024-07-24 16:30:00,SE Suisun,2.2,9.8,5.4
2024-07-24 16:30:00,NE Suisun,1.3,8.4,5.2
2024-07-24 16:30:00,NW Suisun,5.1,12.7,7.6
2024-07-25 16:30:00,Yolo Bypass,0.0,0.1,0.1
2024-07-25 16:30:00,Sacramento River,0.0,0.1,0.0
2024-07-25 16:30:00,East Delta,0.0,0.1,0.0
2024-07-25 16:30:00,Lower Sacramento River,0.1,0.9,0.3
2024-07-25 16:30:00,South Delta,0.0,0.8,0.1
2024-07-25 16:30:00,Suisun Marsh,0.4,6.9,4.2
2024-07-25 16:30:00,Confluence,0.2,2.8,1.3
2024-07-25 16:30:00,Lower San Joaquin River,0.1,0.7,0.2
2024-07-25 16:30:00,SW Suisun,8.9,14.9,12.4
2024-07-25 16:30:00,SE Suisun,2.3,11.1,5.6
2024-07-25 16:30:00,NE Suisun,1.3,8.6,5.1
2024-07-25 16:30:00,NW Suisun,5.4,13.4,7.7
2024-07-26 16:30:00,Yolo Bypass,0.0,0.1,0.1
2024-07-26 16:30:00,Sacramento River,0.0,0.1,0.0
2024-07-26 16:30:00,East Delta,0.0,0.1,0.0
2024-07-26 16:30:00,Lower Sacramento River,0.1,0.9,0.3
2024-07-26 16:30:00,South Delta,0.0,0.8,0.1
2024-07-26 16:30:00,Suisun Marsh,0.4,6.8,4.2
2024-07-26 16:30:00,Confluence,0.2,2.7,1.3
2024-07-26 16:30:00,Lower San Joaquin River,0.1,0.7,0.2
2024-07-26 16:30:00,SW Suisun,8.9,15.0,12.4
2024-07-26 16:30:00,SE Suisun,2.4,11.6,5.5
2024-07-26 16:30:00,NE Suisun,1.4,8.5,5.2
2024-07-26 16:30:00,NW Suisun,5.1,13.5,7.7
2024-07-27 16:30:00,Yolo Bypass,0.0,0.1,0.1
2024-07-27 16:30:00,Sacramento River,0.0,0.1,0.0
2024-07-27 16:30:00,East Delta,0.0,0.1,0.0
2024-07-27 16:30:00,Lower Sacramento River,0.1,0.8,0.3
2024-07-27 16:30:00,South Delta,0.0,0.8,0.1
2024-07-27 16:30:00,Suisun Marsh,0.4,7.1,4.2
2024-07-27 16:30:00,Confluence,0.2,2.6,1.2
2024-07-27 16:30:00,Lower San Joaquin River,0.1,0.6,0.2
2024-07-27 16:30:00,SW Suisun,8.5,14.7,12.1
2024-07-27 16:30:00,SE Suisun,2.2,12.2,5.3
2024-07-27 16:30:00,NE Suisun,1.4,8.3,5.0
2024-07-27 16:30:00,NW Suisun,5.0,13.3,7.7
2024-07-28 16:30:00,Yolo Bypass,0.0,0.1,0.1
2024-07-28 16:30:00,Sacramento River,0.0,0.1,0.0
2024-07-28 16:30:00,East Delta,0.0,0.1,0.0
2024-07-28 16:30:00,Lower Sacramento River,0.1,0.9,0.3
2024-07-28 16:30:00,South Delta,0.0,0.8,0.1
2024-07-28 16:30:00,Suisun Marsh,0.4,7.6,4.3
2024-07-28 16:30:00,Confluence,0.2,3.7,1.3
2024-07-28 16:30:00,Lower San Joaquin River,0.1,0.7,0.2
2024-07-28 16:30:00,SW Suisun,8.8,14.8,12.3
2024-07-28 16:30:00,SE Suisun,2.2,12.8,5.4
2024-07-28 16:30:00,NE Suisun,1.4,9.8,5.2
2024-07-28 16:30:00,NW Suisun,5.0,13.5,7.8
2024-07-29 16:30:00,Yolo Bypass,0.0,0.1,0.1
2024-07-29 16:30:00,Sacramento River,0.0,0.1,0.0
2024-07-29 16:30:00,East Delta,0.0,0.1,0.0
2024-07-29 16:30:00,Lower Sacramento River,0.1,1.0,0.3
2024-07-29 16:30:00,South Delta,0.0,0.8,0.1
2024-07-29 16:30:00,Suisun Marsh,0.4,7.9,4.3
2024-07-29 16:30:00,Confluence,0.2,3.7,1.3
2024-07-29 16:30:00,Lower San Joaquin River,0.1,0.7,0.2
2024-07-29 16:30:00,SW Suisun,8.9,14.9,12.4
2024-07-29 16:30:00,SE Suisun,2.2,13.1,5.6
2024-07-29 16:30:00,NE Suisun,1.4,10.1,5.3
2024-07-29 16:30:00,NW Suisun,5.0,13.4,7.8
2024-07-30 16:30:00,Yolo Bypass,0.0,0.1,0.1
2024-07-30 16:30:00,Sacramento River,0.0,0.1,0.0
2024-07-30 16:30:00,East Delta,0.0,0.1,0.0
2024-07-30 16:30:00,Lower Sacramento River,0.1,1.0,0.3
2024-07-30 16:30:00,South Delta,0.0,0.8,0.1
2024-07-30 16:30:00,Suisun Marsh,0.4,7.7,4.4
2024-07-30 16:30:00,Confluence,0.2,4.1,1.3
2024-07-30 16:30:00,Lower San Joaquin River,0.1,0.7,0.2
2024-07-30 16:30:00,SW Suisun,9.1,14.9,12.5
2024-07-30 16:30:00,SE Suisun,2.3,13.2,5.7
2024-07-30 16:30:00,NE Suisun,1.4,10.3,5.3
2024-07-30 16:30:00,NW Suisun,2.0,13.4,7.8
2024-07-31 16:30:00,Yolo Bypass,0.0,0.1,0.1
2024-07-31 16:30:00,Sacramento River,0.0,0.1,0.0
2024-07-31 16:30:00,East Delta,0.0,0.1,0.0
2024-07-31 16:30:00,Lower Sacramento River,0.1,1.0,0.3
2024-07-31 16:30:00,South Delta,0.0,0.8,0.1
2024-07-31 16:30:00,Suisun Marsh,0.4,7.3,4.4
2024-07-31 16:30:00,Confluence,0.2,3.8,1.3
2024-07-31 16:30:00,Lower San Joaquin River,0.1,0.7,0.2
2024-07-31 16:30:00,SW Suisun,9.0,14.6,12.3
2024-07-31 16:30:00,SE Suisun,2.3,12.7,5.7
2024-07-31 16:30:00,NE Suisun,1.4,9.8,5.4
2024-07-31 16:30:00,NW Suisun,1.9,13.2,7.8
2024-08-01 16:30:00,Yolo Bypass,0.0,0.1,0.1
2024-08-01 16:30:00,Sacramento River,0.0,0.1,0.0
2024-08-01 16:30:00,East Delta,0.0,0.1,0.0
2024-08-01 16:30:00,Lower Sacramento River,0.1,1.0,0.3
2024-08-01 16:30:00,South Delta,0.0,0.9,0.1
2024-08-01 16:30:00,Suisun Marsh,0.4,7.3,4.4
2024-08-01 16:30:00,Confluence,0.2,4.1,1.3
2024-08-01 16:30:00,Lower San Joaquin River,0.1,0.7,0.2
2024-08-01 16:30:00,SW Suisun,8.7,14.2,12.0
2024-08-01 16:30:00,SE Suisun,2.3,13.2,5.5
2024-08-01 16:30:00,NE Suisun,1.4,9.5,5.3
2024-08-01 16:30:00,NW Suisun,4.8,13.1,7.6
2024-08-02 16:30:00,Yolo Bypass,0.0,0.1,0.1
2024-08-02 16:30:00,Sacramento River,0.0,0.1,0.0
2024-08-02 16:30:00,East Delta,0.0,0.1,0.0
2024-08-02 16:30:00,Lower Sacramento River,0.1,1.0,0.3
2024-08-02 16:30:00,South Delta,0.0,0.9,0.1
2024-08-02 16:30:00,Suisun Marsh,0.4,7.2,4.4
2024-08-02 16:30:00,Confluence,0.2,3.7,1.3
2024-08-02 16:30:00,Lower San Joaquin River,0.1,0.7,0.2
2024-08-02 16:30:00,SW Suisun,8.8,14.2,12.0
2024-08-02 16:30:00,SE Suisun,2.3,13.1,5.6
2024-08-02 16:30:00,NE Suisun,1.4,9.6,5.3
2024-08-02 16:30:00,NW Suisun,4.8,12.7,7.6
2024-08-03 16:30:00,Yolo Bypass,0.0,0.1,0.1
2024-08-03 16:30:00,Sacramento River,0.0,0.1,0.0
2024-08-03 16:30:00,East Delta,0.0,0.1,0.0
2024-08-03 16:30:00,Lower Sacramento River,0.1,1.1,0.3
2024-08-03 16:30:00,South Delta,0.0,0.9,0.1
2024-08-03 16:30:00,Suisun Marsh,0.4,7.3,4.4
2024-08-03 16:30:00,Confluence,0.2,3.9,1.4
2024-08-03 16:30:00,Lower San Joaquin River,0.1,0.8,0.2
2024-08-03 16:30:00,SW Suisun,9.0,14.4,12.2
2024-08-03 16:30:00,SE Suisun,2.5,13.1,5.8
2024-08-03 16:30:00,NE Suisun,1.4,9.5,5.4
2024-08-03 16:30:00,NW Suisun,4.8,13.2,7.7
2024-08-04 16:30:00,Yolo Bypass,0.0,0.1,0.1
2024-08-04 16:30:00,Sacramento River,0.0,0.1,0.0
2024-08-04 16:30:00,East Delta,0.0,0.1,0.0
2024-08-04 16:30:00,Lower Sacramento River,0.1,1.1,0.3
2024-08-04 16:30:00,South Delta,0.0,0.9,0.1
2024-08-04 16:30:00,Suisun Marsh,0.4,7.3,4.4
2024-08-04 16:30:00,Confluence,0.2,2.9,1.4
2024-08-04 16:30:00,Lower San Joaquin River,0.1,0.8,0.2
2024-08-04 16:30:00,SW Suisun,8.8,14.3,12.1
2024-08-04 16:30:00,SE Suisun,2.4,12.4,5.7
2024-08-04 16:30:00,NE Suisun,1.4,8.8,5.4
2024-08-04 16:30:00,NW Suisun,4.9,12.8,7.7
2024-08-05 16:30:00,Yolo Bypass,0.0,0.1,0.1
2024-08-05 16:30:00,Sacramento River,0.0,0.1,0.0
2024-08-05 16:30:00,East Delta,0.0,0.1,0.1
2024-08-05 16:30:00,Lower Sacramento River,0.1,1.0,0.3
2024-08-05 16:30:00,South Delta,0.0,0.9,0.1
2024-08-05 16:30:00,Suisun Marsh,0.4,7.1,4.4
2024-08-05 16:30:00,Confluence,0.2,2.8,1.3
2024-08-05 16:30:00,Lower San Joaquin River,0.1,0.8,0.2
2024-08-05 16:30:00,SW Suisun,8.6,14.3,12.0
2024-08-05 16:30:00,SE Suisun,2.3,12.0,5.6
2024-08-05 16:30:00,NE Suisun,1.4,8.4,5.3
2024-08-05 16:30:00,NW Suisun,5.1,12.8,7.6
2024-08-06 16:30:00,Yolo Bypass,0.0,0.2,0.1
2024-08-06 16:30:00,Sacramento River,0.0,0.1,0.0
2024-08-06 16:30:00,East Delta,0.0,0.1,0.1
2024-08-06 16:30:00,Lower Sacramento River,0.1,0.9,0.3
2024-08-06 16:30:00,South Delta,0.0,0.9,0.1
2024-08-06 16:30:00,Suisun Marsh,0.4,6.9,4.4
2024-08-06 16:30:00,Confluence,0.2,2.8,1.3
2024-08-06 16:30:00,Lower San Joaquin River,0.1,0.8,0.2
2024-08-06 16:30:00,SW Suisun,8.8,14.6,12.2
2024-08-06 16:30:00,SE Suisun,2.3,10.3,5.6
2024-08-06 16:30:00,NE Suisun,1.4,8.5,5.3
2024-08-06 16:30:00,NW Suisun,5.5,13.1,7.6
2024-08-07 16:30:00,Yolo Bypass,0.0,0.2,0.1
2024-08-07 16:30:00,Sacramento River,0.0,0.1,0.1
2024-08-07 16:30:00,East Delta,0.0,0.1,0.1
2024-08-07 16:30:00,Lower Sacramento River,0.1,0.9,0.3
2024-08-07 16:30:00,South Delta,0.0,0.9,0.1
2024-08-07 16:30:00,Suisun Marsh,0.4,6.9,4.5
2024-08-07 16:30:00,Confluence,0.2,2.9,1.4
2024-08-07 16:30:00,Lower San Joaquin River,0.1,0.8,0.2
2024-08-07 16:30:00,SW Suisun,9.1,15.1,12.6
2024-08-07 16:30:00,SE Suisun,2.5,10.5,5.8
2024-08-07 16:30:00,NE Suisun,1.4,8.8,5.5
2024-08-07 16:30:00,NW Suisun,5.5,13.7,7.9
2024-08-08 16:30:00,Yolo Bypass,0.0,0.2,0.1
2024-08-08 16:30:00,Sacramento River,0.0,0.1,0.1
2024-08-08 16:30:00,East Delta,0.0,0.1,0.1
2024-08-08 16:30:00,Lower Sacramento River,0.1,0.8,0.3
2024-08-08 16:30:00,South Delta,0.0,0.9,0.1
2024-08-08 16:30:00,Suisun Marsh,0.4,7.0,4.5
2024-08-08 16:30:00,Confluence,0.2,2.8,1.4
2024-08-08 16:30:00,Lower San Joaquin River,0.1,0.8,0.2
2024-08-08 16:30:00,SW Suisun,8.9,15.4,12.6
2024-08-08 16:30:00,SE Suisun,2.4,10.7,5.7
2024-08-08 16:30:00,NE Suisun,1.4,8.6,5.4
2024-08-08 16:30:00,NW Suisun,5.6,13.9,7.9
2024-08-09 16:30:00,Yolo Bypass,0.0,0.2,0.1
2024-08-09 16:30:00,Sacramento River,0.0,0.1,0.1
2024-08-09 16:30:00,East Delta,0.0,0.1,0.1
2024-08-09 16:30:00,Lower Sacramento River,0.1,0.7,0.2
2024-08-09 16:30:00,South Delta,0.0,0.9,0.1
2024-08-09 16:30:00,Suisun Marsh,0.4,6.9,4.5
2024-08-09 16:30:00,Confluence,0.2,2.7,1.3
2024-08-09 16:30:00,Lower San Joaquin River,0.1,0.7,0.2
2024-08-09 16:30:00,SW Suisun,8.7,15.5,12.7
2024-08-09 16:30:00,SE Suisun,2.3,10.7,5.5
2024-08-09 16:30:00,NE Suisun,1.4,8.4,5.2
2024-08-09 16:30:00,NW Suisun,5.6,14.1,7.9
2024-08-10 16:30:00,Yolo Bypass,0.0,0.2,0.1
2024-08-10 16:30:00,Sacramento River,0.0,0.1,0.1
2024-08-10 16:30:00,East Delta,0.0,0.1,0.1
2024-08-10 16:30:00,Lower Sacramento River,0.1,0.6,0.2
2024-08-10 16:30:00,South Delta,0.0,0.9,0.1
2024-08-10 16:30:00,Suisun Marsh,0.4,7.1,4.6
2024-08-10 16:30:00,Confluence,0.2,2.6,1.2
2024-08-10 16:30:00,Lower San Joaquin River,0.1,0.7,0.2
2024-08-10 16:30:00,SW Suisun,9.0,15.4,12.7
2024-08-10 16:30:00,SE Suisun,2.3,10.8,5.5
2024-08-10 16:30:00,NE Suisun,1.4,8.7,5.2
2024-08-10 16:30:00,NW Suisun,5.6,14.2,8.0
2024-08-11 16:30:00,Yolo Bypass,0.0,0.2,0.1
2024-08-11 16:30:00,Sacramento River,0.0,0.1,0.1
2024-08-11 16:30:00,East Delta,0.0,0.1,0.1
2024-08-11 16:30:00,Lower Sacramento River,0.1,0.6,0.2
2024-08-11 16:30:00,South Delta,0.0,0.9,0.1
2024-08-11 16:30:00,Suisun Marsh,0.4,7.5,4.6
2024-08-11 16:30:00,Confluence,0.2,2.6,1.2
2024-08-11 16:30:00,Lower San Joaquin River,0.1,0.7,0.2
2024-08-11 16:30:00,SW Suisun,9.0,15.1,12.6
2024-08-11 16:30:00,SE Suisun,2.3,10.7,5.4
2024-08-11 16:30:00,NE Suisun,1.4,9.6,5.2
2024-08-11 16:30:00,NW Suisun,5.6,14.0,8.0
2024-08-12 16:30:00,Yolo Bypass,0.0,0.2,0.1
2024-08-12 16:30:00,Sacramento River,0.0,0.1,0.1
2024-08-12 16:30:00,East Delta,0.0,0.1,0.1
2024-08-12 16:30:00,Lower Sacramento River,0.1,0.8,0.2
2024-08-12 16:30:00,South Delta,0.0,0.9,0.1
2024-08-12 16:30:00,Suisun Marsh,0.4,7.6,4.6
2024-08-12 16:30:00,Confluence,0.2,2.6,1.2
2024-08-12 16:30:00,Lower San Joaquin River,0.1,0.7,0.2
2024-08-12 16:30:00,SW Suisun,8.8,15.1,12.5
2024-08-12 16:30:00,SE Suisun,2.2,10.7,5.5
2024-08-12 16:30:00,NE Suisun,1.4,8.9,5.1
2024-08-12 16:30:00,NW Suisun,5.6,14.0,8.1
2024-08-13 16:30:00,Yolo Bypass,0.0,0.2,0.1
2024-08-13 16:30:00,Sacramento River,0.0,0.1,0.1
2024-08-13 16:30:00,East Delta,0.0,0.1,0.1
2024-08-13 16:30:00,Lower Sacramento River,0.1,0.9,0.3
2024-08-13 16:30:00,South Delta,0.0,0.9,0.1
2024-08-13 16:30:00,Suisun Marsh,0.4,7.6,4.6
2024-08-13 16:30:00,Confluence,0.2,2.6,1.2
2024-08-13 16:30:00,Lower San Joaquin River,0.1,0.7,0.2
2024-08-13 16:30:00,SW Suisun,8.8,14.9,12.4
2024-08-13 16:30:00,SE Suisun,2.2,10.5,5.5
2024-08-13 16:30:00,NE Suisun,1.4,9.2,5.2
2024-08-13 16:30:00,NW Suisun,5.6,13.8,8.0
2024-08-14 16:30:00,Yolo Bypass,0.0,0.2,0.1
2024-08-14 16:30:00,Sacramento River,0.0,0.1,0.1
2024-08-14 16:30:00,East Delta,0.0,0.1,0.1
2024-08-14 16:30:00,Lower Sacramento River,0.1,0.9,0.3
2024-08-14 16:30:00,South Delta,0.1,0.9,0.1
2024-08-14 16:30:00,Suisun Marsh,0.4,7.8,4.6
2024-08-14 16:30:00,Confluence,0.2,2.6,1.2
2024-08-14 16:30:00,Lower San Joaquin River,0.1,0.7,0.2
2024-08-14 16:30:00,SW Suisun,8.7,14.6,12.2
2024-08-14 16:30:00,SE Suisun,2.1,13.3,5.5
2024-08-14 16:30:00,NE Suisun,1.4,9.3,5.2
2024-08-14 16:30:00,NW Suisun,5.6,13.4,7.9
2024-08-15 16:30:00,Yolo Bypass,0.0,0.2,0.1
2024-08-15 16:30:00,Sacramento River,0.0,0.1,0.1
2024-08-15 16:30:00,East Delta,0.0,0.1,0.1
2024-08-15 16:30:00,Lower Sacramento River,0.1,1.0,0.3
2024-08-15 16:30:00,South Delta,0.1,0.9,0.1
2024-08-15 16:30:00,Suisun Marsh,0.4,7.9,4.6
2024-08-15 16:30:00,Confluence,0.2,4.7,1.3
2024-08-15 16:30:00,Lower San Joaquin River,0.1,0.7,0.2
2024-08-15 16:30:00,SW Suisun,9.1,14.7,12.4
2024-08-15 16:30:00,SE Suisun,2.4,13.5,5.7
2024-08-15 16:30:00,NE Suisun,1.4,10.6,5.3
2024-08-15 16:30:00,NW Suisun,1.9,13.6,7.9
2024-08-16 16:30:00,Yolo Bypass,0.0,0.2,0.1
2024-08-16 16:30:00,Sacramento River,0.0,0.1,0.1
2024-08-16 16:30:00,East Delta,0.0,0.1,0.1
2024-08-16 16:30:00,Lower Sacramento River,0.1,1.2,0.4
2024-08-16 16:30:00,South Delta,0.1,0.9,0.1
2024-08-16 16:30:00,Suisun Marsh,0.4,8.3,4.6
2024-08-16 16:30:00,Confluence,0.2,4.2,1.6
2024-08-16 16:30:00,Lower San Joaquin River,0.1,0.8,0.3
2024-08-16 16:30:00,SW Suisun,9.7,15.1,12.8
2024-08-16 16:30:00,SE Suisun,2.7,13.0,6.2
2024-08-16 16:30:00,NE Suisun,1.5,10.6,5.8
2024-08-16 16:30:00,NW Suisun,1.9,14.0,8.2
2024-08-17 16:30:00,Yolo Bypass,0.0,0.2,0.1
2024-08-17 16:30:00,Sacramento River,0.0,0.1,0.1
2024-08-17 16:30:00,East Delta,0.0,0.1,0.1
2024-08-17 16:30:00,Lower Sacramento River,0.1,1.2,0.4
2024-08-17 16:30:00,South Delta,0.1,0.9,0.1
2024-08-17 16:30:00,Suisun Marsh,0.4,8.2,4.7
2024-08-17 16:30:00,Confluence,0.2,4.8,1.6
2024-08-17 16:30:00,Lower San Joaquin River,0.1,0.9,0.3
2024-08-17 16:30:00,SW Suisun,9.5,14.7,12.5
2024-08-17 16:30:00,SE Suisun,2.7,13.6,6.1
2024-08-17 16:30:00,NE Suisun,1.5,10.6,5.9
2024-08-17 16:30:00,NW Suisun,1.9,13.6,8.1
2024-08-18 16:30:00,Yolo Bypass,0.0,0.2,0.1
2024-08-18 16:30:00,Sacramento River,0.0,0.1,0.1
2024-08-18 16:30:00,East Delta,0.0,0.1,0.1
2024-08-18 16:30:00,Lower Sacramento River,0.1,1.4,0.5
2024-08-18 16:30:00,South Delta,0.1,0.9,0.1
2024-08-18 16:30:00,Suisun Marsh,0.4,8.4,4.7
2024-08-18 16:30:00,Confluence,0.2,4.4,1.7
2024-08-18 16:30:00,Lower San Joaquin River,0.1,0.9,0.3
2024-08-18 16:30:00,SW Suisun,9.6,15.0,12.8
2024-08-18 16:30:00,SE Suisun,2.9,14.1,6.3
2024-08-18 16:30:00,NE Suisun,1.5,10.5,6.0
2024-08-18 16:30:00,NW Suisun,1.9,13.7,8.2
2024-08-19 16:30:00,Yolo Bypass,0.0,0.2,0.1
2024-08-19 16:30:00,Sacramento River,0.0,0.2,0.1
2024-08-19 16:30:00,East Delta,0.0,0.1,0.1
2024-08-19 16:30:00,Lower Sacramento River,0.1,1.5,0.5
2024-08-19 16:30:00,South Delta,0.1,0.9,0.1
2024-08-19 16:30:00,Suisun Marsh,0.4,7.9,4.8
2024-08-19 16:30:00,Confluence,0.3,4.2,1.8
2024-08-19 16:30:00,Lower San Joaquin River,0.1,1.0,0.3
2024-08-19 16:30:00,SW Suisun,9.9,15.2,13.0
2024-08-19 16:30:00,SE Suisun,3.0,13.2,6.6
2024-08-19 16:30:00,NE Suisun,1.5,9.7,6.1
2024-08-19 16:30:00,NW Suisun,2.0,13.7,8.4
2024-08-20 16:30:00,Yolo Bypass,0.0,0.2,0.1
2024-08-20 16:30:00,Sacramento River,0.1,0.2,0.1
2024-08-20 16:30:00,East Delta,0.0,0.1,0.1
2024-08-20 16:30:00,Lower Sacramento River,0.1,1.5,0.5
2024-08-20 16:30:00,South Delta,0.1,0.9,0.1
2024-08-20 16:30:00,Suisun Marsh,0.4,7.7,4.8
2024-08-20 16:30:00,Confluence,0.3,3.7,1.9
2024-08-20 16:30:00,Lower San Joaquin River,0.1,1.0,0.3
2024-08-20 16:30:00,SW Suisun,10.1,15.6,13.4
2024-08-20 16:30:00,SE Suisun,3.2,12.7,6.8
2024-08-20 16:30:00,NE Suisun,1.5,9.7,6.3
2024-08-20 16:30:00,NW Suisun,5.3,14.0,8.5
2024-08-21 16:30:00,Yolo Bypass,0.0,0.2,0.1
2024-08-21 16:30:00,Sacramento River,0.1,0.2,0.1
2024-08-21 16:30:00,East Delta,0.0,0.1,0.1
2024-08-21 16:30:00,Lower Sacramento River,0.1,1.6,0.6
2024-08-21 16:30:00,South Delta,0.1,0.9,0.1
2024-08-21 16:30:00,Suisun Marsh,0.4,7.7,4.8
2024-08-21 16:30:00,Confluence,0.3,4.0,2.1
2024-08-21 16:30:00,Lower San Joaquin River,0.1,1.1,0.3
2024-08-21 16:30:00,SW Suisun,10.6,16.2,13.8
2024-08-21 16:30:00,SE Suisun,3.5,11.9,7.1
2024-08-21 16:30:00,NE Suisun,1.5,10.3,6.5
2024-08-21 16:30:00,NW Suisun,5.7,14.6,8.8
2024-08-22 16:30:00,Yolo Bypass,0.0,0.2,0.1
2024-08-22 16:30:00,Sacramento River,0.1,0.2,0.1
2024-08-22 16:30:00,East Delta,0.0,0.1,0.1
2024-08-22 16:30:00,Lower Sacramento River,0.1,1.6,0.6
2024-08-22 16:30:00,South Delta,0.1,0.9,0.1
2024-08-22 16:30:00,Suisun Marsh,0.4,8.0,5.0
2024-08-22 16:30:00,Confluence,0.3,4.1,2.2
2024-08-22 16:30:00,Lower San Joaquin River,0.1,1.2,0.3
2024-08-22 16:30:00,SW Suisun,10.4,16.4,13.9
2024-08-22 16:30:00,SE Suisun,3.5,12.8,7.1
2024-08-22 16:30:00,NE Suisun,1.5,10.1,6.6
2024-08-22 16:30:00,NW Suisun,5.6,14.7,8.9
2024-08-23 16:30:00,Yolo Bypass,0.0,0.2,0.1
2024-08-23 16:30:00,Sacramento River,0.1,0.2,0.1
2024-08-23 16:30:00,East Delta,0.0,0.1,0.1
2024-08-23 16:30:00,Lower Sacramento River,0.1,1.6,0.6
2024-08-23 16:30:00,South Delta,0.1,0.9,0.1
2024-08-23 16:30:00,Suisun Marsh,0.4,8.2,5.0
2024-08-23 16:30:00,Confluence,0.4,4.1,2.2
2024-08-23 16:30:00,Lower San Joaquin River,0.1,1.2,0.3
2024-08-23 16:30:00,SW Suisun,10.3,16.5,14.0
2024-08-23 16:30:00,SE Suisun,3.6,13.5,7.1
2024-08-23 16:30:00,NE Suisun,1.5,10.0,6.6
2024-08-23 16:30:00,NW Suisun,5.7,15.0,9.0
2024-08-24 16:30:00,Yolo Bypass,0.0,0.2,0.1
2024-08-24 16:30:00,Sacramento River,0.1,0.2,0.1
2024-08-24 16:30:00,East Delta,0.0,0.2,0.1
2024-08-24 16:30:00,Lower Sacramento River,0.1,1.7,0.6
2024-08-24 16:30:00,South Delta,0.1,0.9,0.1
2024-08-24 16:30:00,Suisun Marsh,0.4,8.7,5.0
2024-08-24 16:30:00,Confluence,0.3,4.2,2.3
2024-08-24 16:30:00,Lower San Joaquin River,0.1,1.3,0.4
2024-08-24 16:30:00,SW Suisun,10.6,16.7,14.2
2024-08-24 16:30:00,SE Suisun,3.7,14.4,7.3
2024-08-24 16:30:00,NE Suisun,1.5,10.3,6.8
2024-08-24 16:30:00,NW Suisun,5.7,15.3,9.2
2024-08-25 16:30:00,Yolo Bypass,0.1,0.2,0.1
2024-08-25 16:30:00,Sacramento River,0.1,0.2,0.1
2024-08-25 16:30:00,East Delta,0.0,0.2,0.1
2024-08-25 16:30:00,Lower Sacramento River,0.1,1.9,0.6
2024-08-25 16:30:00,South Delta,0.1,0.9,0.1
2024-08-25 16:30:00,Suisun Marsh,0.4,9.3,5.1
2024-08-25 16:30:00,Confluence,0.3,4.7,2.5
2024-08-25 16:30:00,Lower San Joaquin River,0.1,1.4,0.4
2024-08-25 16:30:00,SW Suisun,11.1,17.1,14.7
2024-08-25 16:30:00,SE Suisun,4.0,15.7,7.7
2024-08-25 16:30:00,NE Suisun,1.5,11.4,7.2
2024-08-25 16:30:00,NW Suisun,5.7,15.9,9.6
2024-08-26 16:30:00,Yolo Bypass,0.1,0.2,0.1
2024-08-26 16:30:00,Sacramento River,0.1,0.2,0.1
2024-08-26 16:30:00,East Delta,0.0,0.2,0.1
2024-08-26 16:30:00,Lower Sacramento River,0.1,2.0,0.7
2024-08-26 16:30:00,South Delta,0.1,0.9,0.1
2024-08-26 16:30:00,Suisun Marsh,0.4,9.9,5.1
2024-08-26 16:30:00,Confluence,0.3,5.2,2.7
2024-08-26 16:30:00,Lower San Joaquin River,0.1,1.6,0.4
2024-08-26 16:30:00,SW Suisun,11.6,17.4,15.1
2024-08-26 16:30:00,SE Suisun,4.3,16.6,8.2
2024-08-26 16:30:00,NE Suisun,1.5,11.8,7.6
2024-08-26 16:30:00,NW Suisun,5.7,16.2,10.0
2024-08-27 16:30:00,Yolo Bypass,0.1,0.2,0.1
2024-08-27 16:30:00,Sacramento River,0.1,0.2,0.1
2024-08-27 16:30:00,East Delta,0.0,0.2,0.1
2024-08-27 16:30:00,Lower Sacramento River,0.1,2.4,0.9
2024-08-27 16:30:00,South Delta,0.1,0.9,0.1
2024-08-27 16:30:00,Suisun Marsh,0.4,10.7,5.3
2024-08-27 16:30:00,Confluence,0.4,5.6,3.0
2024-08-27 16:30:00,Lower San Joaquin River,0.1,1.8,0.5
2024-08-27 16:30:00,SW Suisun,12.2,17.7,15.5
2024-08-27 16:30:00,SE Suisun,4.7,16.6,8.7
2024-08-27 16:30:00,NE Suisun,1.5,12.8,8.1
2024-08-27 16:30:00,NW Suisun,5.7,16.7,10.4
2024-08-28 16:30:00,Yolo Bypass,0.1,0.2,0.1
2024-08-28 16:30:00,Sacramento River,0.1,0.2,0.1
2024-08-28 16:30:00,East Delta,0.0,0.2,0.1
2024-08-28 16:30:00,Lower Sacramento River,0.1,2.6,1.0
2024-08-28 16:30:00,South Delta,0.1,0.9,0.1
2024-08-28 16:30:00,Suisun Marsh,0.4,10.8,5.4
2024-08-28 16:30:00,Confluence,0.4,5.8,3.2
2024-08-28 16:30:00,Lower San Joaquin River,0.1,1.9,0.5
2024-08-28 16:30:00,SW Suisun,12.6,17.8,15.6
2024-08-28 16:30:00,SE Suisun,5.0,16.0,8.9
2024-08-28 16:30:00,NE Suisun,1.5,13.3,8.6
2024-08-28 16:30:00,NW Suisun,5.7,16.5,10.7
2024-08-29 16:30:00,Yolo Bypass,0.1,0.2,0.1
2024-08-29 16:30:00,Sacramento River,0.0,0.2,0.1
2024-08-29 16:30:00,East Delta,0.0,0.2,0.1
2024-08-29 16:30:00,Lower Sacramento River,0.1,2.6,1.0
2024-08-29 16:30:00,South Delta,0.1,0.9,0.1
2024-08-29 16:30:00,Suisun Marsh,0.4,10.8,5.5
2024-08-29 16:30:00,Confluence,0.4,5.7,3.2
2024-08-29 16:30:00,Lower San Joaquin River,0.1,1.9,0.5
2024-08-29 16:30:00,SW Suisun,12.3,17.4,15.3
2024-08-29 16:30:00,SE Suisun,4.8,15.5,8.7
2024-08-29 16:30:00,NE Suisun,1.5,12.0,8.6
2024-08-29 16:30:00,NW Suisun,5.7,16.1,10.7
2024-08-30 16:30:00,Yolo Bypass,0.1,0.2,0.1
2024-08-30 16:30:00,Sacramento River,0.1,0.2,0.1
2024-08-30 16:30:00,East Delta,0.1,0.2,0.1
2024-08-30 16:30:00,Lower Sacramento River,0.1,2.6,1.0
2024-08-30 16:30:00,South Delta,0.1,0.9,0.1
2024-08-30 16:30:00,Suisun Marsh,0.4,10.7,5.5
2024-08-30 16:30:00,Confluence,0.5,5.6,3.2
2024-08-30 16:30:00,Lower San Joaquin River,0.1,1.9,0.6
2024-08-30 16:30:00,SW Suisun,12.2,17.4,15.2
2024-08-30 16:30:00,SE Suisun,4.8,15.0,8.7
2024-08-30 16:30:00,NE Suisun,1.5,12.6,8.6
2024-08-30 16:30:00,NW Suisun,5.8,16.0,10.8
2024-08-31 16:30:00,Yolo Bypass,0.1,0.2,0.1
2024-08-31 16:30:00,Sacramento River,0.1,0.2,0.1
2024-08-31 16:30:00,East Delta,0.1,0.2,0.1
2024-08-31 16:30:00,Lower Sacramento River,0.1,2.7,1.0
2024-08-31 16:30:00,South Delta,0.1,0.9,0.1
2024-08-31 16:30:00,Suisun Marsh,0.4,10.8,5.6
2024-08-31 16:30:00,Confluence,0.5,5.7,3.3
2024-08-31 16:30:00,Lower San Joaquin River,0.1,2.0,0.6
2024-08-31 16:30:00,SW Suisun,12.3,17.6,15.4
2024-08-31 16:30:00,SE Suisun,5.0,15.8,8.8
2024-08-31 16:30:00,NE Suisun,1.5,12.6,8.6
2024-08-31 16:30:00,NW Suisun,5.8,16.3,11.0
2024-09-01 16:30:00,Yolo Bypass,0.1,0.2,0.1
2024-09-01 16:30:00,Sacramento River,0.1,0.3,0.1
2024-09-01 16:30:00,East Delta,0.1,0.2,0.1
2024-09-01 16:30:00,Lower Sacramento River,0.1,2.6,0.9
2024-09-01 16:30:00,South Delta,0.1,0.9,0.1
2024-09-01 16:30:00,Suisun Marsh,0.4,10.6,5.7
2024-09-01 16:30:00,Confluence,0.6,5.5,3.2
2024-09-01 16:30:00,Lower San Joaquin River,0.1,1.9,0.6
2024-09-01 16:30:00,SW Suisun,12.0,17.6,15.3
2024-09-01 16:30:00,SE Suisun,4.9,14.6,8.7
2024-09-01 16:30:00,NE Suisun,1.5,12.4,8.5
2024-09-01 16:30:00,NW Suisun,6.2,16.1,10.9
2024-09-02 16:30:00,Yolo Bypass,0.1,0.2,0.1
2024-09-02 16:30:00,Sacramento River,0.1,0.3,0.1
2024-09-02 16:30:00,East Delta,0.1,0.2,0.1
2024-09-02 16:30:00,Lower Sacramento River,0.1,2.3,0.8
2024-09-02 16:30:00,South Delta,0.1,0.9,0.2
2024-09-02 16:30:00,Suisun Marsh,0.4,10.3,5.6
2024-09-02 16:30:00,Confluence,0.5,5.2,3.0
2024-09-02 16:30:00,Lower San Joaquin River,0.1,1.8,0.6
2024-09-02 16:30:00,SW Suisun,11.5,17.3,15.0
2024-09-02 16:30:00,SE Suisun,4.6,13.3,8.4
2024-09-02 16:30:00,NE Suisun,1.5,11.3,8.2
2024-09-02 16:30:00,NW Suisun,6.1,15.8,10.7
2024-09-03 16:30:00,Yolo Bypass,0.1,0.2,0.1
2024-09-03 16:30:00,Sacramento River,0.1,0.3,0.1
2024-09-03 16:30:00,East Delta,0.1,0.2,0.1
2024-09-03 16:30:00,Lower Sacramento River,0.1,2.2,0.7
2024-09-03 16:30:00,South Delta,0.1,0.9,0.2
2024-09-03 16:30:00,Suisun Marsh,0.4,10.2,5.7
2024-09-03 16:30:00,Confluence,1.0,5.3,3.0
2024-09-03 16:30:00,Lower San Joaquin River,0.1,1.8,0.6
2024-09-03 16:30:00,SW Suisun,11.7,17.7,15.3
2024-09-03 16:30:00,SE Suisun,4.7,13.5,8.6
2024-09-03 16:30:00,NE Suisun,1.5,11.4,8.2
2024-09-03 16:30:00,NW Suisun,6.0,16.3,10.7
2024-09-04 16:30:00,Yolo Bypass,0.1,0.2,0.1
2024-09-04 16:30:00,Sacramento River,0.1,0.3,0.1
2024-09-04 16:30:00,East Delta,0.1,0.2,0.1
2024-09-04 16:30:00,Lower Sacramento River,0.1,2.3,0.7
2024-09-04 16:30:00,South Delta,0.1,0.9,0.2
2024-09-04 16:30:00,Suisun Marsh,0.4,10.2,5.7
2024-09-04 16:30:00,Confluence,1.0,5.5,3.1
2024-09-04 16:30:00,Lower San Joaquin River,0.1,1.9,0.6
2024-09-04 16:30:00,SW Suisun,11.9,18.0,15.5
2024-09-04 16:30:00,SE Suisun,4.8,13.7,8.7
2024-09-04 16:30:00,NE Suisun,1.5,11.7,8.3
2024-09-04 16:30:00,NW Suisun,8.4,16.5,10.9
2024-09-05 16:30:00,Yolo Bypass,0.1,0.2,0.1
2024-09-05 16:30:00,Sacramento River,0.1,0.3,0.1
2024-09-05 16:30:00,East Delta,0.1,0.2,0.1
2024-09-05 16:30:00,Lower Sacramento River,0.1,2.3,0.7
2024-09-05 16:30:00,South Delta,0.1,0.9,0.2
2024-09-05 16:30:00,Suisun Marsh,0.4,10.2,5.8
2024-09-05 16:30:00,Confluence,0.9,5.6,3.2
2024-09-05 16:30:00,Lower San Joaquin River,0.1,1.9,0.6
2024-09-05 16:30:00,SW Suisun,12.1,18.4,15.8
2024-09-05 16:30:00,SE Suisun,5.0,13.9,8.8
2024-09-05 16:30:00,NE Suisun,1.5,11.8,8.4
2024-09-05 16:30:00,NW Suisun,8.6,16.9,11.1
2024-09-06 16:30:00,Yolo Bypass,0.1,0.2,0.1
2024-09-06 16:30:00,Sacramento River,0.1,0.3,0.1
2024-09-06 16:30:00,East Delta,0.1,0.3,0.1
2024-09-06 16:30:00,Lower Sacramento River,0.1,2.3,0.7
2024-09-06 16:30:00,South Delta,0.1,1.0,0.2
2024-09-06 16:30:00,Suisun Marsh,0.4,10.3,5.8
2024-09-06 16:30:00,Confluence,0.9,5.6,3.2
2024-09-06 16:30:00,Lower San Joaquin River,0.1,1.9,0.6
2024-09-06 16:30:00,SW Suisun,12.3,18.6,16.0
2024-09-06 16:30:00,SE Suisun,5.0,14.0,8.8
2024-09-06 16:30:00,NE Suisun,1.5,12.1,8.6
2024-09-06 16:30:00,NW Suisun,8.7,17.2,11.3
2024-09-07 16:30:00,Yolo Bypass,0.1,0.2,0.1
2024-09-07 16:30:00,Sacramento River,0.1,0.3,0.1
2024-09-07 16:30:00,East Delta,0.1,0.3,0.1
2024-09-07 16:30:00,Lower Sacramento River,0.1,2.2,0.7
2024-09-07 16:30:00,South Delta,0.1,1.0,0.2
2024-09-07 16:30:00,Suisun Marsh,0.4,10.8,5.9
2024-09-07 16:30:00,Confluence,0.9,5.7,3.2
2024-09-07 16:30:00,Lower San Joaquin River,0.1,2.0,0.7
2024-09-07 16:30:00,SW Suisun,12.6,18.9,16.3
2024-09-07 16:30:00,SE Suisun,5.2,14.3,9.0
2024-09-07 16:30:00,NE Suisun,1.5,12.3,8.7
2024-09-07 16:30:00,NW Suisun,6.4,17.7,11.5
2024-09-08 16:30:00,Yolo Bypass,0.1,0.2,0.1
2024-09-08 16:30:00,Sacramento River,0.1,0.3,0.1
2024-09-08 16:30:00,East Delta,0.1,0.3,0.1
2024-09-08 16:30:00,Lower Sacramento River,0.1,2.6,0.8
2024-09-08 16:30:00,South Delta,0.1,1.0,0.2
2024-09-08 16:30:00,Suisun Marsh,0.4,11.4,5.9
2024-09-08 16:30:00,Confluence,0.5,6.0,3.5
2024-09-08 16:30:00,Lower San Joaquin River,0.1,2.1,0.7
2024-09-08 16:30:00,SW Suisun,13.5,19.3,16.8
2024-09-08 16:30:00,SE Suisun,5.5,14.7,9.4
2024-09-08 16:30:00,NE Suisun,1.5,14.4,9.3
2024-09-08 16:30:00,NW Suisun,6.2,18.3,12.0
2024-09-09 16:30:00,Yolo Bypass,0.1,0.2,0.1
2024-09-09 16:30:00,Sacramento River,0.1,0.3,0.1
2024-09-09 16:30:00,East Delta,0.1,0.3,0.1
2024-09-09 16:30:00,Lower Sacramento River,0.1,2.9,1.0
2024-09-09 16:30:00,South Delta,0.1,1.0,0.2
2024-09-09 16:30:00,Suisun Marsh,0.4,12.3,6.1
2024-09-09 16:30:00,Confluence,0.5,6.4,3.8
2024-09-09 16:30:00,Lower San Joaquin River,0.1,2.3,0.8
2024-09-09 16:30:00,SW Suisun,13.9,19.6,17.2
2024-09-09 16:30:00,SE Suisun,5.8,15.1,9.8
2024-09-09 16:30:00,NE Suisun,1.5,14.9,9.6
2024-09-09 16:30:00,NW Suisun,6.1,18.6,12.4
2024-09-10 16:30:00,Yolo Bypass,0.1,0.3,0.1
2024-09-10 16:30:00,Sacramento River,0.1,0.3,0.1
2024-09-10 16:30:00,East Delta,0.1,0.3,0.1
2024-09-10 16:30:00,Lower Sacramento River,0.1,3.1,1.1
2024-09-10 16:30:00,South Delta,0.1,1.0,0.2
2024-09-10 16:30:00,Suisun Marsh,0.4,12.1,6.1
2024-09-10 16:30:00,Confluence,0.5,6.3,3.9
2024-09-10 16:30:00,Lower San Joaquin River,0.1,2.3,0.8
2024-09-10 16:30:00,SW Suisun,13.7,19.4,17.1
2024-09-10 16:30:00,SE Suisun,5.8,15.1,9.9
2024-09-10 16:30:00,NE Suisun,1.5,14.7,9.5
2024-09-10 16:30:00,NW Suisun,6.1,18.7,12.4
2024-09-11 16:30:00,Yolo Bypass,0.1,0.3,0.1
2024-09-11 16:30:00,Sacramento River,0.1,0.4,0.1
2024-09-11 16:30:00,East Delta,0.1,0.3,0.1
2024-09-11 16:30:00,Lower Sacramento River,0.1,2.7,1.0
2024-09-11 16:30:00,South Delta,0.1,1.0,0.2
2024-09-11 16:30:00,Suisun Marsh,0.4,11.5,6.1
2024-09-11 16:30:00,Confluence,0.6,6.2,3.6
2024-09-11 16:30:00,Lower San Joaquin River,0.1,2.2,0.8
2024-09-11 16:30:00,SW Suisun,13.0,18.9,16.6
2024-09-11 16:30:00,SE Suisun,5.5,14.9,9.6
2024-09-11 16:30:00,NE Suisun,1.6,13.2,9.3
2024-09-11 16:30:00,NW Suisun,6.1,17.9,12.1
2024-09-12 16:30:00,Yolo Bypass,0.1,0.3,0.1
2024-09-12 16:30:00,Sacramento River,0.1,0.4,0.1
2024-09-12 16:30:00,East Delta,0.1,0.3,0.1
2024-09-12 16:30:00,Lower Sacramento River,0.1,2.8,1.0
2024-09-12 16:30:00,South Delta,0.1,1.0,0.2
2024-09-12 16:30:00,Suisun Marsh,0.4,11.6,6.0
2024-09-12 16:30:00,Confluence,0.9,6.2,3.5
2024-09-12 16:30:00,Lower San Joaquin River,0.1,2.2,0.8
2024-09-12 16:30:00,SW Suisun,13.1,18.8,16.6
2024-09-12 16:30:00,SE Suisun,5.5,14.9,9.6
2024-09-12 16:30:00,NE Suisun,1.6,13.6,9.2
2024-09-12 16:30:00,NW Suisun,6.2,17.6,12.0
2024-09-13 16:30:00,Yolo Bypass,0.1,0.3,0.1
2024-09-13 16:30:00,Sacramento River,0.1,0.4,0.1
2024-09-13 16:30:00,East Delta,0.1,0.3,0.1
2024-09-13 16:30:00,Lower Sacramento River,0.1,3.0,1.1
2024-09-13 16:30:00,South Delta,0.1,1.0,0.2
2024-09-13 16:30:00,Suisun Marsh,0.4,12.0,6.2
2024-09-13 16:30:00,Confluence,0.5,6.4,3.7
2024-09-13 16:30:00,Lower San Joaquin River,0.1,2.4,0.8
2024-09-13 16:30:00,SW Suisun,13.7,19.0,16.8
2024-09-13 16:30:00,SE Suisun,5.8,17.6,10.0
2024-09-13 16:30:00,NE Suisun,1.6,14.4,9.6
2024-09-13 16:30:00,NW Suisun,5.9,17.7,12.2
2024-09-14 16:30:00,Yolo Bypass,0.1,0.3,0.1
2024-09-14 16:30:00,Sacramento River,0.1,0.4,0.1
2024-09-14 16:30:00,East Delta,0.1,0.3,0.1
2024-09-14 16:30:00,Lower Sacramento River,0.2,3.3,1.3
2024-09-14 16:30:00,South Delta,0.1,1.0,0.2
2024-09-14 16:30:00,Suisun Marsh,0.4,12.0,6.3
2024-09-14 16:30:00,Confluence,0.5,6.9,4.0
2024-09-14 16:30:00,Lower San Joaquin River,0.1,2.5,0.8
2024-09-14 16:30:00,SW Suisun,14.1,19.1,17.0
2024-09-14 16:30:00,SE Suisun,6.1,16.8,10.2
2024-09-14 16:30:00,NE Suisun,1.6,14.5,9.9
2024-09-14 16:30:00,NW Suisun,6.1,17.7,12.4
2024-09-15 16:30:00,Yolo Bypass,0.1,0.3,0.1
2024-09-15 16:30:00,Sacramento River,0.1,0.4,0.1
2024-09-15 16:30:00,East Delta,0.1,0.4,0.1
2024-09-15 16:30:00,Lower Sacramento River,0.2,3.2,1.2
2024-09-15 16:30:00,South Delta,0.1,1.0,0.2
2024-09-15 16:30:00,Suisun Marsh,0.4,11.9,6.3
2024-09-15 16:30:00,Confluence,0.5,7.1,3.9
2024-09-15 16:30:00,Lower San Joaquin River,0.1,2.4,0.8
2024-09-15 16:30:00,SW Suisun,13.4,18.5,16.5
2024-09-15 16:30:00,SE Suisun,5.8,16.0,10.0
2024-09-15 16:30:00,NE Suisun,1.6,14.0,9.7
2024-09-15 16:30:00,NW Suisun,5.9,17.5,12.2
2024-09-16 16:30:00,Yolo Bypass,0.1,0.4,0.1
2024-09-16 16:30:00,Sacramento River,0.1,0.5,0.1
2024-09-16 16:30:00,East Delta,0.1,0.3,0.1
2024-09-16 16:30:00,Lower Sacramento River,0.1,3.3,1.2
2024-09-16 16:30:00,South Delta,0.1,1.0,0.2
2024-09-16 16:30:00,Suisun Marsh,0.4,11.8,6.4
2024-09-16 16:30:00,Confluence,1.3,6.7,4.0
2024-09-16 16:30:00,Lower San Joaquin River,0.1,2.5,0.8
2024-09-16 16:30:00,SW Suisun,13.6,18.7,16.7
2024-09-16 16:30:00,SE Suisun,6.0,16.9,10.1
2024-09-16 16:30:00,NE Suisun,1.6,13.3,9.7
2024-09-16 16:30:00,NW Suisun,6.1,17.2,12.2
2024-09-17 16:30:00,Yolo Bypass,0.1,0.4,0.1
2024-09-17 16:30:00,Sacramento River,0.1,0.5,0.1
2024-09-17 16:30:00,East Delta,0.1,0.3,0.1
2024-09-17 16:30:00,Lower Sacramento River,0.2,3.7,1.4
2024-09-17 16:30:00,South Delta,0.1,1.0,0.2
2024-09-17 16:30:00,Suisun Marsh,0.4,11.6,6.5
2024-09-17 16:30:00,Confluence,1.5,7.1,4.3
2024-09-17 16:30:00,Lower San Joaquin River,0.1,2.6,0.9
2024-09-17 16:30:00,SW Suisun,14.0,19.1,17.1
2024-09-17 16:30:00,SE Suisun,6.4,16.0,10.5
2024-09-17 16:30:00,NE Suisun,1.6,13.7,9.9
2024-09-17 16:30:00,NW Suisun,6.4,17.6,12.5
2024-09-18 16:30:00,Yolo Bypass,0.1,0.4,0.1
2024-09-18 16:30:00,Sacramento River,0.1,0.5,0.1
2024-09-18 16:30:00,East Delta,0.1,0.4,0.1
2024-09-18 16:30:00,Lower Sacramento River,0.2,3.7,1.5
2024-09-18 16:30:00,South Delta,0.1,1.0,0.2
2024-09-18 16:30:00,Suisun Marsh,0.4,11.9,6.7
2024-09-18 16:30:00,Confluence,1.1,7.4,4.5
2024-09-18 16:30:00,Lower San Joaquin River,0.1,2.8,0.9
2024-09-18 16:30:00,SW Suisun,14.3,19.5,17.4
2024-09-18 16:30:00,SE Suisun,6.7,16.6,10.8
2024-09-18 16:30:00,NE Suisun,1.6,14.0,10.2
2024-09-18 16:30:00,NW Suisun,6.4,18.1,12.7
2024-09-19 16:30:00,Yolo Bypass,0.1,0.4,0.1
2024-09-19 16:30:00,Sacramento River,0.1,0.5,0.1
2024-09-19 16:30:00,East Delta,0.1,0.4,0.1
2024-09-19 16:30:00,Lower Sacramento River,0.2,3.9,1.6
2024-09-19 16:30:00,South Delta,0.1,1.0,0.2
2024-09-19 16:30:00,Suisun Marsh,0.4,12.2,6.8
2024-09-19 16:30:00,Confluence,0.8,7.6,4.7
2024-09-19 16:30:00,Lower San Joaquin River,0.1,2.9,1.0
2024-09-19 16:30:00,SW Suisun,14.6,19.7,17.6
2024-09-19 16:30:00,SE Suisun,6.9,16.9,11.0
2024-09-19 16:30:00,NE Suisun,1.6,14.3,10.4
2024-09-19 16:30:00,NW Suisun,7.1,18.3,12.9
2024-09-20 16:30:00,Yolo Bypass,0.1,0.4,0.1
2024-09-20 16:30:00,Sacramento River,0.1,0.5,0.1
2024-09-20 16:30:00,East Delta,0.1,0.4,0.1
2024-09-20 16:30:00,Lower Sacramento River,0.2,4.0,1.7
2024-09-20 16:30:00,South Delta,0.1,1.0,0.2
2024-09-20 16:30:00,Suisun Marsh,0.4,12.4,6.9
2024-09-20 16:30:00,Confluence,0.5,8.6,4.9
2024-09-20 16:30:00,Lower San Joaquin River,0.1,3.1,1.0
2024-09-20 16:30:00,SW Suisun,14.8,19.9,17.8
2024-09-20 16:30:00,SE Suisun,7.1,17.7,11.2
2024-09-20 16:30:00,NE Suisun,1.6,14.4,10.7
2024-09-20 16:30:00,NW Suisun,2.0,18.5,13.1
2024-09-21 16:30:00,Yolo Bypass,0.1,0.4,0.1
2024-09-21 16:30:00,Sacramento River,0.1,0.6,0.1
2024-09-21 16:30:00,East Delta,0.1,0.4,0.1
2024-09-21 16:30:00,Lower Sacramento River,0.2,4.1,1.7
2024-09-21 16:30:00,South Delta,0.1,1.0,0.2
2024-09-21 16:30:00,Suisun Marsh,0.4,12.8,7.0
2024-09-21 16:30:00,Confluence,0.9,8.8,5.0
2024-09-21 16:30:00,Lower San Joaquin River,0.1,3.2,1.0
2024-09-21 16:30:00,SW Suisun,14.8,20.0,17.9
2024-09-21 16:30:00,SE Suisun,7.2,18.1,11.4
2024-09-21 16:30:00,NE Suisun,1.6,14.7,11.0
2024-09-21 16:30:00,NW Suisun,7.6,18.7,13.3
2024-09-22 16:30:00,Yolo Bypass,0.1,0.4,0.1
2024-09-22 16:30:00,Sacramento River,0.1,0.6,0.1
2024-09-22 16:30:00,East Delta,0.0,0.5,0.1
2024-09-22 16:30:00,Lower Sacramento River,0.2,4.0,1.7
2024-09-22 16:30:00,South Delta,0.1,1.0,0.2
2024-09-22 16:30:00,Suisun Marsh,0.4,13.2,7.1
2024-09-22 16:30:00,Confluence,1.6,8.0,5.0
2024-09-22 16:30:00,Lower San Joaquin River,0.1,3.3,1.1
2024-09-22 16:30:00,SW Suisun,14.7,20.0,17.9
2024-09-22 16:30:00,SE Suisun,7.3,18.4,11.4
2024-09-22 16:30:00,NE Suisun,1.6,15.1,11.0
2024-09-22 16:30:00,NW Suisun,7.5,18.7,13.3
2024-09-23 16:30:00,Yolo Bypass,0.1,0.4,0.1
2024-09-23 16:30:00,Sacramento River,0.1,0.6,0.1
2024-09-23 16:30:00,East Delta,0.1,0.6,0.1
2024-09-23 16:30:00,Lower Sacramento River,0.3,4.5,1.9
2024-09-23 16:30:00,South Delta,0.1,1.1,0.3
2024-09-23 16:30:00,Suisun Marsh,0.4,13.3,7.2
2024-09-23 16:30:00,Confluence,1.5,8.5,5.3
2024-09-23 16:30:00,Lower San Joaquin River,0.1,3.6,1.2
2024-09-23 16:30:00,SW Suisun,15.2,20.4,18.4
2024-09-23 16:30:00,SE Suisun,7.7,19.1,11.8
2024-09-23 16:30:00,NE Suisun,1.6,15.4,11.2
2024-09-23 16:30:00,NW Suisun,7.2,19.3,13.7
2024-09-24 16:30:00,Yolo Bypass,0.0,0.4,0.1
2024-09-24 16:30:00,Sacramento River,0.0,0.6,0.1
2024-09-24 16:30:00,East Delta,0.1,0.6,0.1
2024-09-24 16:30:00,Lower Sacramento River,0.3,5.0,2.0
2024-09-24 16:30:00,South Delta,0.1,1.1,0.3
2024-09-24 16:30:00,Suisun Marsh,0.4,13.9,7.2
2024-09-24 16:30:00,Confluence,1.8,8.7,5.8
2024-09-24 16:30:00,Lower San Joaquin River,0.1,3.9,1.3
2024-09-24 16:30:00,SW Suisun,15.8,20.9,18.8
2024-09-24 16:30:00,SE Suisun,8.2,16.9,12.2
2024-09-24 16:30:00,NE Suisun,1.6,16.9,11.9
2024-09-24 16:30:00,NW Suisun,7.0,19.7,14.1
2024-09-25 16:30:00,Yolo Bypass,0.1,0.4,0.1
2024-09-25 16:30:00,Sacramento River,0.0,0.6,0.1
2024-09-25 16:30:00,East Delta,0.1,0.6,0.1
2024-09-25 16:30:00,Lower Sacramento River,0.1,4.2,1.5
2024-09-25 16:30:00,South Delta,0.1,1.2,0.3
2024-09-25 16:30:00,Suisun Marsh,0.4,13.5,7.2
2024-09-25 16:30:00,Confluence,1.5,8.1,5.2
2024-09-25 16:30:00,Lower San Joaquin River,0.1,3.6,1.3
2024-09-25 16:30:00,SW Suisun,14.8,20.1,18.0
2024-09-25 16:30:00,SE Suisun,7.5,16.3,11.5
2024-09-25 16:30:00,NE Suisun,1.6,14.6,11.4
2024-09-25 16:30:00,NW Suisun,8.0,18.9,13.7
2024-09-26 16:30:00,Yolo Bypass,0.0,0.4,0.1
2024-09-26 16:30:00,Sacramento River,0.0,0.6,0.1
2024-09-26 16:30:00,East Delta,0.1,0.7,0.1
2024-09-26 16:30:00,Lower Sacramento River,0.1,3.7,1.3
2024-09-26 16:30:00,South Delta,0.1,1.2,0.3
2024-09-26 16:30:00,Suisun Marsh,0.4,13.4,7.2
2024-09-26 16:30:00,Confluence,1.3,7.8,4.9
2024-09-26 16:30:00,Lower San Joaquin River,0.1,3.5,1.3
2024-09-26 16:30:00,SW Suisun,14.6,19.8,17.8
2024-09-26 16:30:00,SE Suisun,7.2,16.1,11.3
2024-09-26 16:30:00,NE Suisun,1.6,14.5,11.1
2024-09-26 16:30:00,NW Suisun,8.4,18.5,13.5
2024-09-27 16:30:00,Yolo Bypass,0.0,0.4,0.1
2024-09-27 16:30:00,Sacramento River,0.0,0.7,0.1
2024-09-27 16:30:00,East Delta,0.0,0.8,0.1
2024-09-27 16:30:00,Lower Sacramento River,0.1,4.0,1.3
2024-09-27 16:30:00,South Delta,0.1,1.3,0.3
2024-09-27 16:30:00,Suisun Marsh,0.4,13.4,7.2
2024-09-27 16:30:00,Confluence,1.5,8.2,5.1
2024-09-27 16:30:00,Lower San Joaquin River,0.1,3.7,1.4
2024-09-27 16:30:00,SW Suisun,15.1,20.4,18.3
2024-09-27 16:30:00,SE Suisun,7.6,16.6,11.7
2024-09-27 16:30:00,NE Suisun,1.6,14.9,11.3
2024-09-27 16:30:00,NW Suisun,7.1,19.1,13.7
2024-09-28 16:30:00,Yolo Bypass,0.0,0.4,0.1
2024-09-28 16:30:00,Sacramento River,0.0,0.7,0.1
2024-09-28 16:30:00,East Delta,0.0,0.8,0.1
2024-09-28 16:30:00,Lower Sacramento River,0.1,4.0,1.3
2024-09-28 16:30:00,South Delta,0.1,1.4,0.3
2024-09-28 16:30:00,Suisun Marsh,0.4,13.2,7.3
2024-09-28 16:30:00,Confluence,1.7,8.2,5.1
2024-09-28 16:30:00,Lower San Joaquin River,0.1,3.6,1.4
2024-09-28 16:30:00,SW Suisun,15.0,20.3,18.2
2024-09-28 16:30:00,SE Suisun,7.5,16.6,11.6
2024-09-28 16:30:00,NE Suisun,1.6,14.7,11.4
2024-09-28 16:30:00,NW Suisun,7.9,19.0,13.8
2024-09-29 16:30:00,Yolo Bypass,0.0,0.4,0.1
2024-09-29 16:30:00,Sacramento River,0.0,0.7,0.1
2024-09-29 16:30:00,East Delta,0.0,0.8,0.1
2024-09-29 16:30:00,Lower Sacramento River,0.1,3.6,1.1
2024-09-29 16:30:00,South Delta,0.1,1.5,0.3
2024-09-29 16:30:00,Suisun Marsh,0.4,13.1,7.4
2024-09-29 16:30:00,Confluence,1.4,7.8,4.8
2024-09-29 16:30:00,Lower San Joaquin River,0.1,3.5,1.4
2024-09-29 16:30:00,SW Suisun,14.6,19.8,17.8
2024-09-29 16:30:00,SE Suisun,7.2,16.3,11.3
2024-09-29 16:30:00,NE Suisun,1.6,14.3,11.1
2024-09-29 16:30:00,NW Suisun,8.7,18.5,13.6
2024-09-30 16:30:00,Yolo Bypass,0.0,0.4,0.1
2024-09-30 16:30:00,Sacramento River,0.0,0.8,0.1
2024-09-30 16:30:00,East Delta,0.0,0.8,0.1
2024-09-30 16:30:00,Lower Sacramento River,0.1,3.0,0.9
2024-09-30 16:30:00,South Delta,0.1,1.5,0.4
2024-09-30 16:30:00,Suisun Marsh,0.4,12.9,7.5
2024-09-30 16:30:00,Confluence,1.1,7.2,4.3
2024-09-30 16:30:00,Lower San Joaquin River,0.1,3.1,1.4
2024-09-30 16:30:00,SW Suisun,14.1,19.5,17.5
2024-09-30 16:30:00,SE Suisun,6.6,15.9,10.9
2024-09-30 16:30:00,NE Suisun,1.6,13.8,10.7
2024-09-30 16:30:00,NW Suisun,8.9,18.2,13.4
2024-10-01 16:30:00,Yolo Bypass,0.0,0.4,0.1
2024-10-01 16:30:00,Sacramento River,0.0,0.8,0.1
2024-10-01 16:30:00,East Delta,0.0,0.8,0.1
2024-10-01 16:30:00,Lower Sacramento River,0.1,2.9,0.8
2024-10-01 16:30:00,South Delta,0.1,1.5,0.4
2024-10-01 16:30:00,Suisun Marsh,0.4,13.0,7.6
2024-10-01 16:30:00,Confluence,0.9,7.2,4.1
2024-10-01 16:30:00,Lower San Joaquin River,0.1,3.0,1.3
2024-10-01 16:30:00,SW Suisun,14.2,20.0,17.8
2024-10-01 16:30:00,SE Suisun,6.5,16.1,10.8
2024-10-01 16:30:00,NE Suisun,1.6,13.9,10.5
2024-10-01 16:30:00,NW Suisun,8.3,18.6,13.4
2024-10-02 16:30:00,Yolo Bypass,0.0,0.4,0.1
2024-10-02 16:30:00,Sacramento River,0.0,0.8,0.0
2024-10-02 16:30:00,East Delta,0.0,0.8,0.1
2024-10-02 16:30:00,Lower Sacramento River,0.1,2.8,0.8
2024-10-02 16:30:00,South Delta,0.1,1.5,0.4
2024-10-02 16:30:00,Suisun Marsh,0.4,12.8,7.6
2024-10-02 16:30:00,Confluence,0.9,7.2,4.1
2024-10-02 16:30:00,Lower San Joaquin River,0.1,2.9,1.3
2024-10-02 16:30:00,SW Suisun,14.3,20.2,18.0
2024-10-02 16:30:00,SE Suisun,6.5,16.3,10.9
2024-10-02 16:30:00,NE Suisun,1.6,14.1,10.5
2024-10-02 16:30:00,NW Suisun,9.2,18.9,13.4
2024-10-03 16:30:00,Yolo Bypass,0.0,0.4,0.1
2024-10-03 16:30:00,Sacramento River,0.0,0.8,0.1
2024-10-03 16:30:00,East Delta,0.0,0.9,0.1
2024-10-03 16:30:00,Lower Sacramento River,0.1,2.7,0.8
2024-10-03 16:30:00,South Delta,0.1,1.5,0.4
2024-10-03 16:30:00,Suisun Marsh,0.4,12.7,7.7
2024-10-03 16:30:00,Confluence,0.9,7.2,4.1
2024-10-03 16:30:00,Lower San Joaquin River,0.1,2.9,1.3
2024-10-03 16:30:00,SW Suisun,14.5,20.3,18.1
2024-10-03 16:30:00,SE Suisun,6.5,16.4,11.0
2024-10-03 16:30:00,NE Suisun,1.6,14.2,10.6
2024-10-03 16:30:00,NW Suisun,9.4,19.0,13.5
2024-10-04 16:30:00,Yolo Bypass,0.0,0.4,0.1
2024-10-04 16:30:00,Sacramento River,0.0,0.8,0.1
2024-10-04 16:30:00,East Delta,0.0,0.8,0.1
2024-10-04 16:30:00,Lower Sacramento River,0.1,2.7,0.8
2024-10-04 16:30:00,South Delta,0.1,1.5,0.4
2024-10-04 16:30:00,Suisun Marsh,0.4,12.9,7.8
2024-10-04 16:30:00,Confluence,1.0,7.1,4.0
2024-10-04 16:30:00,Lower San Joaquin River,0.1,2.8,1.3
2024-10-04 16:30:00,SW Suisun,14.4,20.1,17.9
2024-10-04 16:30:00,SE Suisun,6.4,16.3,10.9
2024-10-04 16:30:00,NE Suisun,1.6,14.1,10.5
2024-10-04 16:30:00,NW Suisun,9.6,18.8,13.4
2024-10-05 16:30:00,Yolo Bypass,0.0,0.4,0.1
2024-10-05 16:30:00,Sacramento River,0.0,0.9,0.1
2024-10-05 16:30:00,East Delta,0.0,0.8,0.1
2024-10-05 16:30:00,Lower Sacramento River,0.1,3.1,1.1
2024-10-05 16:30:00,South Delta,0.1,1.5,0.4
2024-10-05 16:30:00,Suisun Marsh,0.4,13.3,7.9
2024-10-05 16:30:00,Confluence,1.0,7.6,4.4
2024-10-05 16:30:00,Lower San Joaquin River,0.1,2.9,1.3
2024-10-05 16:30:00,SW Suisun,15.0,20.7,18.5
2024-10-05 16:30:00,SE Suisun,6.9,16.8,11.4
2024-10-05 16:30:00,NE Suisun,1.6,14.7,10.7
2024-10-05 16:30:00,NW Suisun,9.6,19.4,13.7
2024-10-06 16:30:00,Yolo Bypass,0.0,0.4,0.1
2024-10-06 16:30:00,Sacramento River,0.0,0.9,0.1
2024-10-06 16:30:00,East Delta,0.0,0.8,0.1
2024-10-06 16:30:00,Lower Sacramento River,0.1,3.6,1.4
2024-10-06 16:30:00,South Delta,0.1,1.5,0.4
2024-10-06 16:30:00,Suisun Marsh,0.4,13.7,8.0
2024-10-06 16:30:00,Confluence,1.2,8.2,4.8
2024-10-06 16:30:00,Lower San Joaquin River,0.1,3.1,1.3
2024-10-06 16:30:00,SW Suisun,15.6,21.2,19.0
2024-10-06 16:30:00,SE Suisun,7.5,19.6,11.9
2024-10-06 16:30:00,NE Suisun,1.6,15.3,11.2
2024-10-06 16:30:00,NW Suisun,9.6,20.0,14.1
2024-10-07 16:30:00,Yolo Bypass,0.0,0.4,0.1
2024-10-07 16:30:00,Sacramento River,0.0,0.9,0.1
2024-10-07 16:30:00,East Delta,0.0,0.8,0.1
2024-10-07 16:30:00,Lower Sacramento River,0.1,3.9,1.5
2024-10-07 16:30:00,South Delta,0.1,1.5,0.4
2024-10-07 16:30:00,Suisun Marsh,0.4,13.5,8.1
2024-10-07 16:30:00,Confluence,1.4,8.4,5.1
2024-10-07 16:30:00,Lower San Joaquin River,0.1,3.3,1.4
2024-10-07 16:30:00,SW Suisun,15.7,21.2,19.1
2024-10-07 16:30:00,SE Suisun,7.7,17.5,12.1
2024-10-07 16:30:00,NE Suisun,1.6,15.7,11.5
2024-10-07 16:30:00,NW Suisun,9.6,20.1,14.3
2024-10-08 16:30:00,Yolo Bypass,0.0,0.4,0.1
2024-10-08 16:30:00,Sacramento River,0.0,0.9,0.1
2024-10-08 16:30:00,East Delta,0.0,0.8,0.1
2024-10-08 16:30:00,Lower Sacramento River,0.1,4.1,1.5
2024-10-08 16:30:00,South Delta,0.1,1.5,0.4
2024-10-08 16:30:00,Suisun Marsh,0.4,13.8,8.2
2024-10-08 16:30:00,Confluence,1.3,8.5,5.1
2024-10-08 16:30:00,Lower San Joaquin River,0.1,3.4,1.4
2024-10-08 16:30:00,SW Suisun,15.6,21.1,19.0
2024-10-08 16:30:00,SE Suisun,7.8,17.5,12.1
2024-10-08 16:30:00,NE Suisun,1.6,15.6,11.6
2024-10-08 16:30:00,NW Suisun,9.6,20.1,14.4
2024-10-09 16:30:00,Yolo Bypass,0.0,0.4,0.1
2024-10-09 16:30:00,Sacramento River,0.0,0.9,0.1
2024-10-09 16:30:00,East Delta,0.0,0.8,0.1
2024-10-09 16:30:00,Lower Sacramento River,0.1,4.0,1.4
2024-10-09 16:30:00,South Delta,0.1,1.4,0.4
2024-10-09 16:30:00,Suisun Marsh,0.4,13.6,8.2
2024-10-09 16:30:00,Confluence,1.3,8.3,5.0
2024-10-09 16:30:00,Lower San Joaquin River,0.2,3.3,1.3
2024-10-09 16:30:00,SW Suisun,15.4,20.8,18.8
2024-10-09 16:30:00,SE Suisun,7.6,17.2,11.9
2024-10-09 16:30:00,NE Suisun,1.6,15.3,11.4
2024-10-09 16:30:00,NW Suisun,10.1,19.9,14.4
2024-10-10 16:30:00,Yolo Bypass,0.1,0.4,0.1
2024-10-10 16:30:00,Sacramento River,0.0,0.9,0.1
2024-10-10 16:30:00,East Delta,0.0,0.7,0.1
2024-10-10 16:30:00,Lower Sacramento River,0.1,4.0,1.4
2024-10-10 16:30:00,South Delta,0.1,1.4,0.4
2024-10-10 16:30:00,Suisun Marsh,0.4,13.9,8.2
2024-10-10 16:30:00,Confluence,1.2,8.1,4.9
2024-10-10 16:30:00,Lower San Joaquin River,0.2,3.2,1.3
2024-10-10 16:30:00,SW Suisun,15.6,20.6,18.6
2024-10-10 16:30:00,SE Suisun,7.5,16.9,11.8
2024-10-10 16:30:00,NE Suisun,1.6,16.3,11.5
2024-10-10 16:30:00,NW Suisun,9.8,19.6,14.3
2024-10-11 16:30:00,Yolo Bypass,0.1,0.3,0.1
2024-10-11 16:30:00,Sacramento River,0.0,0.9,0.1
2024-10-11 16:30:00,East Delta,0.1,0.6,0.1
2024-10-11 16:30:00,Lower Sacramento River,0.1,3.7,1.3
2024-10-11 16:30:00,South Delta,0.1,1.4,0.4
2024-10-11 16:30:00,Suisun Marsh,0.4,13.8,8.3
2024-10-11 16:30:00,Confluence,1.4,7.7,4.7
2024-10-11 16:30:00,Lower San Joaquin River,0.2,3.0,1.3
2024-10-11 16:30:00,SW Suisun,15.1,20.3,18.3
2024-10-11 16:30:00,SE Suisun,7.0,16.6,11.5
2024-10-11 16:30:00,NE Suisun,1.6,15.3,11.2
2024-10-11 16:30:00,NW Suisun,9.6,19.1,14.1
2024-10-12 16:30:00,Yolo Bypass,0.1,0.3,0.1
2024-10-12 16:30:00,Sacramento River,0.0,0.9,0.1
2024-10-12 16:30:00,East Delta,0.1,0.6,0.1
2024-10-12 16:30:00,Lower Sacramento River,0.1,3.7,1.3
2024-10-12 16:30:00,South Delta,0.1,1.4,0.4
2024-10-12 16:30:00,Suisun Marsh,0.4,13.4,8.3
2024-10-12 16:30:00,Confluence,1.5,7.6,4.6
2024-10-12 16:30:00,Lower San Joaquin River,0.2,2.9,1.2
2024-10-12 16:30:00,SW Suisun,15.0,20.1,18.1
2024-10-12 16:30:00,SE Suisun,6.9,16.4,11.3
2024-10-12 16:30:00,NE Suisun,1.6,14.7,11.1
2024-10-12 16:30:00,NW Suisun,9.7,18.8,13.9
2024-10-13 16:30:00,Yolo Bypass,0.0,0.3,0.1
2024-10-13 16:30:00,Sacramento River,0.0,0.9,0.1
2024-10-13 16:30:00,East Delta,0.1,0.6,0.1
2024-10-13 16:30:00,Lower Sacramento River,0.2,3.8,1.4
2024-10-13 16:30:00,South Delta,0.1,1.3,0.4
2024-10-13 16:30:00,Suisun Marsh,0.4,13.1,8.4
2024-10-13 16:30:00,Confluence,1.6,7.6,4.5
2024-10-13 16:30:00,Lower San Joaquin River,0.2,2.7,1.2
2024-10-13 16:30:00,SW Suisun,14.8,20.0,18.0
2024-10-13 16:30:00,SE Suisun,6.8,16.4,11.3
2024-10-13 16:30:00,NE Suisun,1.6,14.5,11.0
2024-10-13 16:30:00,NW Suisun,9.7,18.6,13.8
2024-10-14 16:30:00,Yolo Bypass,0.1,0.3,0.1
2024-10-14 16:30:00,Sacramento River,0.0,0.9,0.1
2024-10-14 16:30:00,East Delta,0.1,0.5,0.1
2024-10-14 16:30:00,Lower Sacramento River,0.2,3.9,1.5
2024-10-14 16:30:00,South Delta,0.1,1.3,0.4
2024-10-14 16:30:00,Suisun Marsh,0.4,13.0,8.5
2024-10-14 16:30:00,Confluence,1.7,7.5,4.5
2024-10-14 16:30:00,Lower San Joaquin River,0.2,2.6,1.1
2024-10-14 16:30:00,SW Suisun,14.7,19.8,17.8
2024-10-14 16:30:00,SE Suisun,6.8,16.2,11.2
2024-10-14 16:30:00,NE Suisun,1.6,14.5,10.9
2024-10-14 16:30:00,NW Suisun,9.7,18.5,13.7
2024-10-15 16:30:00,Yolo Bypass,0.1,0.3,0.1
2024-10-15 16:30:00,Sacramento River,0.0,0.9,0.1
2024-10-15 16:30:00,East Delta,0.0,0.5,0.1
2024-10-15 16:30:00,Lower Sacramento River,0.3,4.4,1.8
2024-10-15 16:30:00,South Delta,0.1,1.2,0.4
2024-10-15 16:30:00,Suisun Marsh,0.4,13.3,8.8
2024-10-15 16:30:00,Confluence,1.8,7.9,4.8
2024-10-15 16:30:00,Lower San Joaquin River,0.2,2.7,1.1
2024-10-15 16:30:00,SW Suisun,15.2,20.1,18.2
2024-10-15 16:30:00,SE Suisun,7.2,17.7,11.5
2024-10-15 16:30:00,NE Suisun,1.6,14.9,11.1
2024-10-15 16:30:00,NW Suisun,9.5,18.8,13.9
2024-10-16 16:30:00,Yolo Bypass,0.1,0.3,0.1
2024-10-16 16:30:00,Sacramento River,0.0,0.9,0.1
2024-10-16 16:30:00,East Delta,0.0,0.5,0.1
2024-10-16 16:30:00,Lower Sacramento River,0.3,4.4,1.9
2024-10-16 16:30:00,South Delta,0.1,1.2,0.4
2024-10-16 16:30:00,Suisun Marsh,0.4,13.4,8.9
2024-10-16 16:30:00,Confluence,0.5,8.0,4.9
2024-10-16 16:30:00,Lower San Joaquin River,0.2,2.8,1.1
2024-10-16 16:30:00,SW Suisun,15.2,19.9,18.1
2024-10-16 16:30:00,SE Suisun,7.1,17.6,11.6
2024-10-16 16:30:00,NE Suisun,1.6,14.9,11.2
2024-10-16 16:30:00,NW Suisun,8.5,18.7,13.9
2024-10-17 16:30:00,Yolo Bypass,0.1,0.3,0.1
2024-10-17 16:30:00,Sacramento River,0.0,0.9,0.1
2024-10-17 16:30:00,East Delta,0.0,0.5,0.1
2024-10-17 16:30:00,Lower Sacramento River,0.3,4.0,1.6
2024-10-17 16:30:00,South Delta,0.1,1.2,0.4
2024-10-17 16:30:00,Suisun Marsh,0.4,13.6,9.0
2024-10-17 16:30:00,Confluence,1.7,7.5,4.5
2024-10-17 16:30:00,Lower San Joaquin River,0.2,2.5,1.0
2024-10-17 16:30:00,SW Suisun,14.5,19.7,17.6
2024-10-17 16:30:00,SE Suisun,6.5,17.9,11.0
2024-10-17 16:30:00,NE Suisun,1.6,14.2,10.9
2024-10-17 16:30:00,NW Suisun,8.4,18.3,13.8
2024-10-18 16:30:00,Yolo Bypass,0.1,0.3,0.1
2024-10-18 16:30:00,Sacramento River,0.0,0.9,0.1
2024-10-18 16:30:00,East Delta,0.0,0.5,0.1
2024-10-18 16:30:00,Lower Sacramento River,0.5,4.2,2.0
2024-10-18 16:30:00,South Delta,0.1,1.2,0.4
2024-10-18 16:30:00,Suisun Marsh,0.4,13.5,9.2
2024-10-18 16:30:00,Confluence,1.2,9.8,4.9
2024-10-18 16:30:00,Lower San Joaquin River,0.2,2.9,1.1
2024-10-18 16:30:00,SW Suisun,15.3,20.5,18.5
2024-10-18 16:30:00,SE Suisun,7.3,19.3,11.7
2024-10-18 16:30:00,NE Suisun,1.6,15.0,11.1
2024-10-18 16:30:00,NW Suisun,2.0,19.0,14.0
2024-10-19 16:30:00,Yolo Bypass,0.1,0.3,0.1
2024-10-19 16:30:00,Sacramento River,0.0,0.9,0.1
2024-10-19 16:30:00,East Delta,0.1,0.5,0.1
2024-10-19 16:30:00,Lower Sacramento River,0.5,4.6,2.3
2024-10-19 16:30:00,South Delta,0.1,1.1,0.4
2024-10-19 16:30:00,Suisun Marsh,0.4,14.1,9.3
2024-10-19 16:30:00,Confluence,1.0,10.4,5.5
2024-10-19 16:30:00,Lower San Joaquin River,0.2,3.3,1.1
2024-10-19 16:30:00,SW Suisun,15.9,21.2,19.2
2024-10-19 16:30:00,SE Suisun,8.0,19.9,12.5
2024-10-19 16:30:00,NE Suisun,1.6,16.1,11.7
2024-10-19 16:30:00,NW Suisun,2.0,19.8,14.3
2024-10-20 16:30:00,Yolo Bypass,0.1,0.3,0.1
2024-10-20 16:30:00,Sacramento River,0.0,0.9,0.1
2024-10-20 16:30:00,East Delta,0.1,0.5,0.1
2024-10-20 16:30:00,Lower Sacramento River,0.7,5.1,2.6
2024-10-20 16:30:00,South Delta,0.1,1.1,0.4
2024-10-20 16:30:00,Suisun Marsh,0.4,14.5,9.5
2024-10-20 16:30:00,Confluence,2.1,9.1,5.8
2024-10-20 16:30:00,Lower San Joaquin River,0.2,3.5,1.1
2024-10-20 16:30:00,SW Suisun,16.3,21.4,19.3
2024-10-20 16:30:00,SE Suisun,8.3,19.5,12.7
2024-10-20 16:30:00,NE Suisun,1.6,17.4,12.2
2024-10-20 16:30:00,NW Suisun,8.2,20.1,14.7
2024-10-21 16:30:00,Yolo Bypass,0.1,0.3,0.1
2024-10-21 16:30:00,Sacramento River,0.0,0.8,0.1
2024-10-21 16:30:00,East Delta,0.1,0.4,0.1
2024-10-21 16:30:00,Lower Sacramento River,0.6,4.8,2.4
2024-10-21 16:30:00,South Delta,0.1,1.1,0.4
2024-10-21 16:30:00,Suisun Marsh,0.4,14.2,9.3
2024-10-21 16:30:00,Confluence,2.3,8.7,5.5
2024-10-21 16:30:00,Lower San Joaquin River,0.2,3.2,1.1
2024-10-21 16:30:00,SW Suisun,15.8,20.9,18.9
2024-10-21 16:30:00,SE Suisun,7.9,17.2,12.3
2024-10-21 16:30:00,NE Suisun,1.6,16.3,11.9
2024-10-21 16:30:00,NW Suisun,7.9,19.7,14.4
2024-10-22 16:30:00,Yolo Bypass,0.1,0.2,0.1
2024-10-22 16:30:00,Sacramento River,0.0,0.8,0.1
2024-10-22 16:30:00,East Delta,0.1,0.4,0.1
2024-10-22 16:30:00,Lower Sacramento River,0.4,4.5,2.1
2024-10-22 16:30:00,South Delta,0.1,1.1,0.4
2024-10-22 16:30:00,Suisun Marsh,0.4,13.9,9.3
2024-10-22 16:30:00,Confluence,2.2,8.4,5.2
2024-10-22 16:30:00,Lower San Joaquin River,0.2,3.1,1.0
2024-10-22 16:30:00,SW Suisun,15.4,20.6,18.6
2024-10-22 16:30:00,SE Suisun,7.6,16.9,11.9
2024-10-22 16:30:00,NE Suisun,1.6,15.2,11.6
2024-10-22 16:30:00,NW Suisun,8.9,19.4,14.2
2024-10-23 16:30:00,Yolo Bypass,0.1,0.2,0.1
2024-10-23 16:30:00,Sacramento River,0.0,0.8,0.1
2024-10-23 16:30:00,East Delta,0.1,0.4,0.1
2024-10-23 16:30:00,Lower Sacramento River,0.3,4.2,1.9
2024-10-23 16:30:00,South Delta,0.1,1.1,0.4
2024-10-23 16:30:00,Suisun Marsh,0.4,13.7,9.3
2024-10-23 16:30:00,Confluence,2.0,8.1,5.0
2024-10-23 16:30:00,Lower San Joaquin River,0.2,2.9,1.0
2024-10-23 16:30:00,SW Suisun,15.1,20.5,18.4
2024-10-23 16:30:00,SE Suisun,7.4,16.8,11.6
2024-10-23 16:30:00,NE Suisun,1.6,14.8,11.3
2024-10-23 16:30:00,NW Suisun,9.3,19.2,14.0
2024-10-24 16:30:00,Yolo Bypass,0.1,0.2,0.1
2024-10-24 16:30:00,Sacramento River,0.0,0.8,0.1
2024-10-24 16:30:00,East Delta,0.1,0.4,0.1
2024-10-24 16:30:00,Lower Sacramento River,0.3,4.3,1.9
2024-10-24 16:30:00,South Delta,0.1,1.0,0.3
2024-10-24 16:30:00,Suisun Marsh,0.4,13.7,9.3
2024-10-24 16:30:00,Confluence,2.1,8.2,5.1
2024-10-24 16:30:00,Lower San Joaquin River,0.2,3.0,1.0
2024-10-24 16:30:00,SW Suisun,15.3,21.0,18.8
2024-10-24 16:30:00,SE Suisun,7.5,17.1,11.9
2024-10-24 16:30:00,NE Suisun,1.6,15.1,11.4
2024-10-24 16:30:00,NW Suisun,9.3,19.7,14.2
2024-10-25 16:30:00,Yolo Bypass,0.1,0.2,0.1
2024-10-25 16:30:00,Sacramento River,0.1,0.8,0.1
2024-10-25 16:30:00,East Delta,0.1,0.3,0.1
2024-10-25 16:30:00,Lower Sacramento River,0.3,4.5,1.9
2024-10-25 16:30:00,South Delta,0.1,1.0,0.3
2024-10-25 16:30:00,Suisun Marsh,0.4,13.7,9.4
2024-10-25 16:30:00,Confluence,2.2,8.3,5.1
2024-10-25 16:30:00,Lower San Joaquin River,0.1,2.9,1.0
2024-10-25 16:30:00,SW Suisun,15.4,21.2,18.9
2024-10-25 16:30:00,SE Suisun,7.6,17.2,11.9
2024-10-25 16:30:00,NE Suisun,1.6,15.1,11.5
2024-10-25 16:30:00,NW Suisun,10.0,19.9,14.3
2024-10-26 16:30:00,Yolo Bypass,0.1,0.2,0.1
2024-10-26 16:30:00,Sacramento River,0.0,0.8,0.1
2024-10-26 16:30:00,East Delta,0.1,0.4,0.1
2024-10-26 16:30:00,Lower Sacramento River,0.3,4.6,1.9
2024-10-26 16:30:00,South Delta,0.1,1.0,0.3
2024-10-26 16:30:00,Suisun Marsh,0.4,13.7,9.4
2024-10-26 16:30:00,Confluence,2.3,8.3,5.2
2024-10-26 16:30:00,Lower San Joaquin River,0.1,2.9,1.0
2024-10-26 16:30:00,SW Suisun,15.6,21.1,18.9
2024-10-26 16:30:00,SE Suisun,7.7,17.1,11.9
2024-10-26 16:30:00,NE Suisun,1.6,15.3,11.6
2024-10-26 16:30:00,NW Suisun,9.3,19.9,14.3
2024-10-27 16:30:00,Yolo Bypass,0.1,0.2,0.1
2024-10-27 16:30:00,Sacramento River,0.1,0.8,0.1
2024-10-27 16:30:00,East Delta,0.1,0.4,0.1
2024-10-27 16:30:00,Lower Sacramento River,0.3,4.9,2.0
2024-10-27 16:30:00,South Delta,0.1,1.0,0.3
2024-10-27 16:30:00,Suisun Marsh,0.4,13.7,9.4
2024-10-27 16:30:00,Confluence,2.5,8.6,5.4
2024-10-27 16:30:00,Lower San Joaquin River,0.2,3.1,1.0
2024-10-27 16:30:00,SW Suisun,16.0,21.3,19.1
2024-10-27 16:30:00,SE Suisun,7.9,17.2,12.2
2024-10-27 16:30:00,NE Suisun,1.7,15.7,11.9
2024-10-27 16:30:00,NW Suisun,9.6,20.1,14.6
2024-10-28 16:30:00,Yolo Bypass,0.1,0.2,0.1
2024-10-28 16:30:00,Sacramento River,0.1,0.8,0.1
2024-10-28 16:30:00,East Delta,0.1,0.3,0.1
2024-10-28 16:30:00,Lower Sacramento River,0.2,4.6,1.8
2024-10-28 16:30:00,South Delta,0.1,1.0,0.3
2024-10-28 16:30:00,Suisun Marsh,0.4,13.8,9.1
2024-10-28 16:30:00,Confluence,2.5,8.3,5.2
2024-10-28 16:30:00,Lower San Joaquin River,0.1,2.9,1.0
2024-10-28 16:30:00,SW Suisun,15.3,20.9,18.7
2024-10-28 16:30:00,SE Suisun,7.7,17.0,11.9
2024-10-28 16:30:00,NE Suisun,1.7,15.0,11.7
2024-10-28 16:30:00,NW Suisun,10.1,19.6,14.5
2024-10-29 16:30:00,Yolo Bypass,0.1,0.2,0.1
2024-10-29 16:30:00,Sacramento River,0.1,0.8,0.1
2024-10-29 16:30:00,East Delta,0.1,0.4,0.1
2024-10-29 16:30:00,Lower Sacramento River,0.3,4.8,1.9
2024-10-29 16:30:00,South Delta,0.1,1.1,0.3
2024-10-29 16:30:00,Suisun Marsh,0.4,14.0,8.9
2024-10-29 16:30:00,Confluence,2.5,8.6,5.3
2024-10-29 16:30:00,Lower San Joaquin River,0.1,2.9,1.0
2024-10-29 16:30:00,SW Suisun,15.7,21.0,19.0
2024-10-29 16:30:00,SE Suisun,7.9,17.5,12.3
2024-10-29 16:30:00,NE Suisun,1.7,15.4,11.9
2024-10-29 16:30:00,NW Suisun,9.4,19.7,14.7
2024-10-30 16:30:00,Yolo Bypass,0.1,0.2,0.1
2024-10-30 16:30:00,Sacramento River,0.1,0.8,0.1
2024-10-30 16:30:00,East Delta,0.1,0.4,0.1
2024-10-30 16:30:00,Lower Sacramento River,0.3,4.9,2.0
2024-10-30 16:30:00,South Delta,0.1,1.1,0.3
2024-10-30 16:30:00,Suisun Marsh,0.4,14.1,8.6
2024-10-30 16:30:00,Confluence,2.3,9.0,5.6
2024-10-30 16:30:00,Lower San Joaquin River,0.2,3.1,1.0
2024-10-30 16:30:00,SW Suisun,16.1,21.2,19.2
2024-10-30 16:30:00,SE Suisun,8.3,17.6,12.6
2024-10-30 16:30:00,NE Suisun,1.7,15.8,12.2
2024-10-30 16:30:00,NW Suisun,10.7,19.9,14.8
2024-10-31 16:30:00,Yolo Bypass,0.1,0.2,0.1
2024-10-31 16:30:00,Sacramento River,0.1,0.8,0.1
2024-10-31 16:30:00,East Delta,0.1,0.4,0.1
2024-10-31 16:30:00,Lower Sacramento River,0.5,5.2,2.3
2024-10-31 16:30:00,South Delta,0.1,1.1,0.3
2024-10-31 16:30:00,Suisun Marsh,0.4,14.7,8.4
2024-10-31 16:30:00,Confluence,2.4,9.5,6.0
2024-10-31 16:30:00,Lower San Joaquin River,0.2,3.4,1.1
2024-10-31 16:30:00,SW Suisun,16.5,21.6,19.6
2024-10-31 16:30:00,SE Suisun,8.8,18.0,13.1
2024-10-31 16:30:00,NE Suisun,1.7,16.3,12.6
2024-10-31 16:30:00,NW Suisun,10.6,20.3,15.1
2024-11-01 16:30:00,Yolo Bypass,0.1,0.2,0.1
2024-11-01 16:30:00,Sacramento River,0.1,0.8,0.1
2024-11-01 16:30:00,East Delta,0.1,0.4,0.1
2024-11-01 16:30:00,Lower Sacramento River,0.5,5.6,2.5
2024-11-01 16:30:00,South Delta,0.1,1.1,0.3
2024-11-01 16:30:00,Suisun Marsh,0.4,14.9,8.3
2024-11-01 16:30:00,Confluence,2.5,9.9,6.4
2024-11-01 16:30:00,Lower San Joaquin River,0.2,3.6,1.1
2024-11-01 16:30:00,SW Suisun,16.9,21.8,19.8
2024-11-01 16:30:00,SE Suisun,9.1,18.3,13.5
2024-11-01 16:30:00,NE Suisun,1.7,16.7,13.0
2024-11-01 16:30:00,NW Suisun,10.9,20.6,15.3
2024-11-02 16:30:00,Yolo Bypass,0.1,0.2,0.1
2024-11-02 16:30:00,Sacramento River,0.1,0.8,0.1
2024-11-02 16:30:00,East Delta,0.1,0.3,0.1
2024-11-02 16:30:00,Lower Sacramento River,0.3,5.0,2.0
2024-11-02 16:30:00,South Delta,0.1,1.0,0.3
2024-11-02 16:30:00,Suisun Marsh,0.4,15.2,8.0
2024-11-02 16:30:00,Confluence,2.7,9.0,5.6
2024-11-02 16:30:00,Lower San Joaquin River,0.2,3.1,1.0
2024-11-02 16:30:00,SW Suisun,15.6,20.6,18.6
2024-11-02 16:30:00,SE Suisun,8.1,16.8,12.4
2024-11-02 16:30:00,NE Suisun,1.7,15.5,12.4
2024-11-02 16:30:00,NW Suisun,9.4,19.5,14.8
2024-11-03 16:30:00,Yolo Bypass,0.1,0.2,0.1
2024-11-03 16:30:00,Sacramento River,0.1,0.8,0.1
2024-11-03 16:30:00,East Delta,0.1,0.3,0.1
2024-11-03 16:30:00,Lower Sacramento River,0.4,4.7,2.0
2024-11-03 16:30:00,South Delta,0.1,1.0,0.3
2024-11-03 16:30:00,Suisun Marsh,0.4,14.7,8.0
2024-11-03 16:30:00,Confluence,1.7,9.1,5.5
2024-11-03 16:30:00,Lower San Joaquin River,0.2,3.1,1.0
2024-11-03 16:30:00,SW Suisun,15.8,20.8,18.8
2024-11-03 16:30:00,SE Suisun,8.1,17.2,12.5
2024-11-03 16:30:00,NE Suisun,1.7,15.9,12.2
2024-11-03 16:30:00,NW Suisun,7.4,19.5,14.7
2024-11-04 16:30:00,Yolo Bypass,0.1,0.2,0.1
2024-11-04 16:30:00,Sacramento River,0.1,0.8,0.1
2024-11-04 16:30:00,East Delta,0.1,0.4,0.1
2024-11-04 16:30:00,Lower Sacramento River,0.5,4.8,2.2
2024-11-04 16:30:00,South Delta,0.1,1.0,0.3
2024-11-04 16:30:00,Suisun Marsh,0.4,14.7,8.2
2024-11-04 16:30:00,Confluence,2.0,9.3,5.6
2024-11-04 16:30:00,Lower San Joaquin River,0.2,3.2,1.0
2024-11-04 16:30:00,SW Suisun,16.0,21.1,19.1
2024-11-04 16:30:00,SE Suisun,8.2,17.5,12.6
2024-11-04 16:30:00,NE Suisun,1.7,16.2,12.2
2024-11-04 16:30:00,NW Suisun,9.4,19.8,14.8
2024-11-05 16:30:00,Yolo Bypass,0.0,0.2,0.1
2024-11-05 16:30:00,Sacramento River,0.1,0.8,0.1
2024-11-05 16:30:00,East Delta,0.1,0.3,0.1
2024-11-05 16:30:00,Lower Sacramento River,0.3,4.7,1.9
2024-11-05 16:30:00,South Delta,0.1,1.0,0.3
2024-11-05 16:30:00,Suisun Marsh,0.4,16.5,8.4
2024-11-05 16:30:00,Confluence,1.6,8.6,5.2
2024-11-05 16:30:00,Lower San Joaquin River,0.2,2.9,0.9
2024-11-05 16:30:00,SW Suisun,14.8,20.8,18.4
2024-11-05 16:30:00,SE Suisun,7.5,16.7,12.0
2024-11-05 16:30:00,NE Suisun,1.7,14.8,11.9
2024-11-05 16:30:00,NW Suisun,8.5,19.5,14.9
2024-11-06 16:30:00,Yolo Bypass,0.1,0.2,0.1
2024-11-06 16:30:00,Sacramento River,0.1,0.7,0.1
2024-11-06 16:30:00,East Delta,0.1,0.4,0.1
2024-11-06 16:30:00,Lower Sacramento River,0.5,4.8,2.2
2024-11-06 16:30:00,South Delta,0.1,1.0,0.3
2024-11-06 16:30:00,Suisun Marsh,0.4,15.1,8.7
2024-11-06 16:30:00,Confluence,1.9,9.2,5.5
2024-11-06 16:30:00,Lower San Joaquin River,0.2,3.4,1.0
2024-11-06 16:30:00,SW Suisun,15.3,21.6,19.5
2024-11-06 16:30:00,SE Suisun,8.3,17.9,12.7
2024-11-06 16:30:00,NE Suisun,1.7,15.9,12.1
2024-11-06 16:30:00,NW Suisun,8.9,20.4,15.1
2024-11-07 16:30:00,Yolo Bypass,0.1,0.2,0.1
2024-11-07 16:30:00,Sacramento River,0.1,0.7,0.1
2024-11-07 16:30:00,East Delta,0.1,0.3,0.1
2024-11-07 16:30:00,Lower Sacramento River,0.5,4.9,2.2
2024-11-07 16:30:00,South Delta,0.1,1.0,0.3
2024-11-07 16:30:00,Suisun Marsh,0.4,14.7,8.9
2024-11-07 16:30:00,Confluence,2.2,9.1,5.6
2024-11-07 16:30:00,Lower San Joaquin River,0.1,3.4,1.0
2024-11-07 16:30:00,SW Suisun,15.9,21.8,19.7
2024-11-07 16:30:00,SE Suisun,8.4,18.1,12.7
2024-11-07 16:30:00,NE Suisun,1.7,16.0,12.1
2024-11-07 16:30:00,NW Suisun,7.4,20.6,15.0
2024-11-08 16:30:00,Yolo Bypass,0.1,0.2,0.1
2024-11-08 16:30:00,Sacramento River,0.1,0.7,0.1
2024-11-08 16:30:00,East Delta,0.1,0.3,0.1
2024-11-08 16:30:00,Lower Sacramento River,0.4,5.0,2.2
2024-11-08 16:30:00,South Delta,0.1,1.0,0.3
2024-11-08 16:30:00,Suisun Marsh,0.4,14.6,9.1
2024-11-08 16:30:00,Confluence,2.2,9.1,5.7
2024-11-08 16:30:00,Lower San Joaquin River,0.1,3.4,1.0
2024-11-08 16:30:00,SW Suisun,16.6,21.9,19.8
2024-11-08 16:30:00,SE Suisun,8.4,18.2,12.8
2024-11-08 16:30:00,NE Suisun,1.7,16.3,12.2
2024-11-08 16:30:00,NW Suisun,7.9,20.7,15.0
2024-11-09 16:30:00,Yolo Bypass,0.1,0.2,0.1
2024-11-09 16:30:00,Sacramento River,0.1,0.7,0.1
2024-11-09 16:30:00,East Delta,0.1,0.3,0.1
2024-11-09 16:30:00,Lower Sacramento River,0.3,4.8,2.0
2024-11-09 16:30:00,South Delta,0.1,1.0,0.3
2024-11-09 16:30:00,Suisun Marsh,0.4,14.1,9.2
2024-11-09 16:30:00,Confluence,2.2,8.8,5.5
2024-11-09 16:30:00,Lower San Joaquin River,0.1,3.1,0.9
2024-11-09 16:30:00,SW Suisun,16.2,21.7,19.6
2024-11-09 16:30:00,SE Suisun,8.1,17.9,12.6
2024-11-09 16:30:00,NE Suisun,1.7,15.9,12.2
2024-11-09 16:30:00,NW Suisun,8.8,20.4,14.9
2024-11-10 16:30:00,Yolo Bypass,0.1,0.2,0.1
2024-11-10 16:30:00,Sacramento River,0.1,0.7,0.1
2024-11-10 16:30:00,East Delta,0.1,0.3,0.1
2024-11-10 16:30:00,Lower Sacramento River,0.4,5.1,2.1
2024-11-10 16:30:00,South Delta,0.1,1.0,0.3
2024-11-10 16:30:00,Suisun Marsh,0.4,14.2,9.2
2024-11-10 16:30:00,Confluence,2.3,9.0,5.6
2024-11-10 16:30:00,Lower San Joaquin River,0.1,3.3,1.0
2024-11-10 16:30:00,SW Suisun,16.5,21.6,19.5
2024-11-10 16:30:00,SE Suisun,8.3,17.8,12.7
2024-11-10 16:30:00,NE Suisun,1.7,16.2,12.4
2024-11-10 16:30:00,NW Suisun,9.8,20.3,14.9
2024-11-11 16:30:00,Yolo Bypass,0.1,0.2,0.1
2024-11-11 16:30:00,Sacramento River,0.1,0.7,0.1
2024-11-11 16:30:00,East Delta,0.1,0.3,0.1
2024-11-11 16:30:00,Lower Sacramento River,0.3,4.8,1.9
2024-11-11 16:30:00,South Delta,0.1,1.0,0.3
2024-11-11 16:30:00,Suisun Marsh,0.4,14.2,9.3
2024-11-11 16:30:00,Confluence,2.3,8.4,5.2
2024-11-11 16:30:00,Lower San Joaquin River,0.1,3.0,0.9
2024-11-11 16:30:00,SW Suisun,15.6,20.7,18.7
2024-11-11 16:30:00,SE Suisun,7.7,17.0,12.1
2024-11-11 16:30:00,NE Suisun,1.7,15.3,12.0
2024-11-11 16:30:00,NW Suisun,9.7,19.4,14.7
2024-11-12 16:30:00,Yolo Bypass,0.0,0.2,0.1
2024-11-12 16:30:00,Sacramento River,0.1,0.7,0.1
2024-11-12 16:30:00,East Delta,0.1,0.4,0.1
2024-11-12 16:30:00,Lower Sacramento River,0.4,5.0,2.0
2024-11-12 16:30:00,South Delta,0.1,1.0,0.3
2024-11-12 16:30:00,Suisun Marsh,0.4,14.5,9.6
2024-11-12 16:30:00,Confluence,2.3,8.8,5.5
2024-11-12 16:30:00,Lower San Joaquin River,0.2,3.1,0.9
2024-11-12 16:30:00,SW Suisun,16.1,21.1,19.2
2024-11-12 16:30:00,SE Suisun,8.1,19.3,12.6
2024-11-12 16:30:00,NE Suisun,1.7,15.9,12.1
2024-11-12 16:30:00,NW Suisun,9.9,19.8,14.9
2024-11-13 16:30:00,Yolo Bypass,0.0,0.2,0.1
2024-11-13 16:30:00,Sacramento River,0.1,0.8,0.1
2024-11-13 16:30:00,East Delta,0.1,0.4,0.1
2024-11-13 16:30:00,Lower Sacramento River,0.5,5.6,2.4
2024-11-13 16:30:00,South Delta,0.1,1.0,0.3
2024-11-13 16:30:00,Suisun Marsh,0.4,14.9,10.0
2024-11-13 16:30:00,Confluence,2.4,9.5,6.0
2024-11-13 16:30:00,Lower San Joaquin River,0.2,3.5,1.0
2024-11-13 16:30:00,SW Suisun,16.8,21.4,19.6
2024-11-13 16:30:00,SE Suisun,8.7,20.0,13.2
2024-11-13 16:30:00,NE Suisun,1.7,16.5,12.6
2024-11-13 16:30:00,NW Suisun,8.9,20.1,15.2
2024-11-14 16:30:00,Yolo Bypass,0.0,0.2,0.1
2024-11-14 16:30:00,Sacramento River,0.1,0.9,0.1
2024-11-14 16:30:00,East Delta,0.1,0.4,0.1
2024-11-14 16:30:00,Lower Sacramento River,0.7,5.7,2.7
2024-11-14 16:30:00,South Delta,0.1,1.1,0.3
2024-11-14 16:30:00,Suisun Marsh,0.4,15.7,10.3
2024-11-14 16:30:00,Confluence,1.6,11.7,6.4
2024-11-14 16:30:00,Lower San Joaquin River,0.2,3.9,1.1
2024-11-14 16:30:00,SW Suisun,17.1,21.6,19.8
2024-11-14 16:30:00,SE Suisun,9.0,20.3,13.5
2024-11-14 16:30:00,NE Suisun,1.7,17.1,13.0
2024-11-14 16:30:00,NW Suisun,2.0,20.4,15.5
2024-11-15 16:30:00,Yolo Bypass,0.1,0.2,0.1
2024-11-15 16:30:00,Sacramento River,0.1,1.0,0.1
2024-11-15 16:30:00,East Delta,0.1,0.5,0.1
2024-11-15 16:30:00,Lower Sacramento River,0.7,5.6,2.6
2024-11-15 16:30:00,South Delta,0.1,1.1,0.3
2024-11-15 16:30:00,Suisun Marsh,0.4,15.8,10.5
2024-11-15 16:30:00,Confluence,2.0,11.8,6.2
2024-11-15 16:30:00,Lower San Joaquin River,0.2,3.8,1.1
2024-11-15 16:30:00,SW Suisun,16.9,21.4,19.6
2024-11-15 16:30:00,SE Suisun,8.8,20.4,13.3
2024-11-15 16:30:00,NE Suisun,1.7,17.1,13.0
2024-11-15 16:30:00,NW Suisun,2.0,20.2,15.5
2024-11-16 16:30:00,Yolo Bypass,0.1,0.2,0.1
2024-11-16 16:30:00,Sacramento River,0.1,1.2,0.2
2024-11-16 16:30:00,East Delta,0.1,0.5,0.1
2024-11-16 16:30:00,Lower Sacramento River,0.8,5.8,3.0
2024-11-16 16:30:00,South Delta,0.1,1.1,0.3
2024-11-16 16:30:00,Suisun Marsh,0.4,15.8,10.7
2024-11-16 16:30:00,Confluence,0.9,12.0,6.5
2024-11-16 16:30:00,Lower San Joaquin River,0.2,4.0,1.2
2024-11-16 16:30:00,SW Suisun,17.4,21.9,20.1
2024-11-16 16:30:00,SE Suisun,9.3,20.9,13.8
2024-11-16 16:30:00,NE Suisun,1.7,17.7,13.2
2024-11-16 16:30:00,NW Suisun,2.0,20.7,15.8
2024-11-17 16:30:00,Yolo Bypass,0.1,0.2,0.1
2024-11-17 16:30:00,Sacramento River,0.1,1.1,0.2
2024-11-17 16:30:00,East Delta,0.1,0.4,0.1
2024-11-17 16:30:00,Lower Sacramento River,0.8,5.8,2.9
2024-11-17 16:30:00,South Delta,0.1,1.1,0.3
2024-11-17 16:30:00,Suisun Marsh,0.4,16.4,10.8
2024-11-17 16:30:00,Confluence,2.7,9.9,6.4
2024-11-17 16:30:00,Lower San Joaquin River,0.2,3.9,1.2
2024-11-17 16:30:00,SW Suisun,17.0,21.6,19.6
2024-11-17 16:30:00,SE Suisun,8.9,20.1,13.4
2024-11-17 16:30:00,NE Suisun,1.7,17.5,13.2
2024-11-17 16:30:00,NW Suisun,9.2,20.7,15.9
2024-11-18 16:30:00,Yolo Bypass,0.1,0.2,0.1
2024-11-18 16:30:00,Sacramento River,0.1,1.0,0.2
2024-11-18 16:30:00,East Delta,0.1,0.4,0.1
2024-11-18 16:30:00,Lower Sacramento River,0.8,5.4,2.7
2024-11-18 16:30:00,South Delta,0.1,1.1,0.3
2024-11-18 16:30:00,Suisun Marsh,0.4,15.7,10.6
2024-11-18 16:30:00,Confluence,2.6,9.9,6.2
2024-11-18 16:30:00,Lower San Joaquin River,0.2,3.9,1.2
2024-11-18 16:30:00,SW Suisun,16.7,21.4,19.6
2024-11-18 16:30:00,SE Suisun,8.8,18.0,13.2
2024-11-18 16:30:00,NE Suisun,1.7,17.1,12.8
2024-11-18 16:30:00,NW Suisun,10.2,20.2,15.6
2024-11-19 16:30:00,Yolo Bypass,0.0,0.2,0.1
2024-11-19 16:30:00,Sacramento River,0.1,1.3,0.2
2024-11-19 16:30:00,East Delta,0.1,0.5,0.1
2024-11-19 16:30:00,Lower Sacramento River,0.8,6.2,3.2
2024-11-19 16:30:00,South Delta,0.1,1.1,0.3
2024-11-19 16:30:00,Suisun Marsh,0.4,16.0,10.5
2024-11-19 16:30:00,Confluence,2.6,11.0,6.9
2024-11-19 16:30:00,Lower San Joaquin River,0.3,4.7,1.3
2024-11-19 16:30:00,SW Suisun,17.9,22.5,20.8
2024-11-19 16:30:00,SE Suisun,9.9,21.6,14.2
2024-11-19 16:30:00,NE Suisun,1.7,18.9,13.5
2024-11-19 16:30:00,NW Suisun,9.7,21.2,16.1
2024-11-20 16:30:00,Yolo Bypass,0.1,0.3,0.1
2024-11-20 16:30:00,Sacramento River,0.1,0.9,0.1
2024-11-20 16:30:00,East Delta,0.1,0.4,0.1
2024-11-20 16:30:00,Lower Sacramento River,0.5,5.9,3.0
2024-11-20 16:30:00,South Delta,0.1,1.2,0.3
2024-11-20 16:30:00,Suisun Marsh,0.4,16.0,10.0
2024-11-20 16:30:00,Confluence,2.9,10.5,6.9
2024-11-20 16:30:00,Lower San Joaquin River,0.3,4.5,1.3
2024-11-20 16:30:00,SW Suisun,17.8,22.5,20.6
2024-11-20 16:30:00,SE Suisun,9.9,19.0,14.1
2024-11-20 16:30:00,NE Suisun,1.7,17.8,13.8
2024-11-20 16:30:00,NW Suisun,8.8,21.1,16.1
2024-11-21 16:30:00,Yolo Bypass,0.0,0.3,0.1
2024-11-21 16:30:00,Sacramento River,0.1,0.9,0.1
2024-11-21 16:30:00,East Delta,0.1,0.4,0.1
2024-11-21 16:30:00,Lower Sacramento River,0.2,4.7,2.1
2024-11-21 16:30:00,South Delta,0.1,1.1,0.3
2024-11-21 16:30:00,Suisun Marsh,0.4,16.0,9.4
2024-11-21 16:30:00,Confluence,0.1,9.4,6.0
2024-11-21 16:30:00,Lower San Joaquin River,0.2,3.7,1.1
2024-11-21 16:30:00,SW Suisun,16.5,21.3,19.4
2024-11-21 16:30:00,SE Suisun,8.7,17.7,12.9
2024-11-21 16:30:00,NE Suisun,1.6,16.3,12.9
2024-11-21 16:30:00,NW Suisun,8.8,20.2,15.5
2024-11-22 16:30:00,Yolo Bypass,0.0,0.3,0.1
2024-11-22 16:30:00,Sacramento River,0.1,0.9,0.1
2024-11-22 16:30:00,East Delta,0.1,0.4,0.1
2024-11-22 16:30:00,Lower Sacramento River,0.1,3.4,1.2
2024-11-22 16:30:00,South Delta,0.1,1.1,0.3
2024-11-22 16:30:00,Suisun Marsh,0.4,16.0,8.8
2024-11-22 16:30:00,Confluence,0.1,7.9,4.8
2024-11-22 16:30:00,Lower San Joaquin River,0.1,3.0,1.0
2024-11-22 16:30:00,SW Suisun,14.8,19.9,17.9
2024-11-22 16:30:00,SE Suisun,7.3,16.3,11.5
2024-11-22 16:30:00,NE Suisun,1.5,14.5,11.8
2024-11-22 16:30:00,NW Suisun,10.0,19.0,14.7
2024-11-23 16:30:00,Yolo Bypass,0.0,0.3,0.1
2024-11-23 16:30:00,Sacramento River,0.1,0.9,0.1
2024-11-23 16:30:00,East Delta,0.1,0.3,0.1
2024-11-23 16:30:00,Lower Sacramento River,0.1,2.1,0.5
2024-11-23 16:30:00,South Delta,0.1,1.1,0.3
2024-11-23 16:30:00,Suisun Marsh,0.4,15.9,8.4
2024-11-23 16:30:00,Confluence,0.1,6.9,3.4
2024-11-23 16:30:00,Lower San Joaquin River,0.1,2.5,0.9
2024-11-23 16:30:00,SW Suisun,13.1,19.0,16.7
2024-11-23 16:30:00,SE Suisun,5.5,15.1,9.9
2024-11-23 16:30:00,NE Suisun,1.6,13.9,10.4
2024-11-23 16:30:00,NW Suisun,10.7,17.7,13.8
2024-11-24 16:30:00,Yolo Bypass,0.0,0.3,0.1
2024-11-24 16:30:00,Sacramento River,0.0,0.9,0.1
2024-11-24 16:30:00,East Delta,0.1,0.3,0.1
2024-11-24 16:30:00,Lower Sacramento River,0.1,1.1,0.3
2024-11-24 16:30:00,South Delta,0.1,1.0,0.3
2024-11-24 16:30:00,Suisun Marsh,0.4,15.9,7.9
2024-11-24 16:30:00,Confluence,0.1,6.3,2.2
2024-11-24 16:30:00,Lower San Joaquin River,0.1,2.1,0.9
2024-11-24 16:30:00,SW Suisun,11.5,18.1,15.6
2024-11-24 16:30:00,SE Suisun,3.6,13.7,8.2
2024-11-24 16:30:00,NE Suisun,1.6,13.9,8.8
2024-11-24 16:30:00,NW Suisun,10.1,16.7,12.8
2024-11-25 16:30:00,Yolo Bypass,0.0,0.3,0.1
2024-11-25 16:30:00,Sacramento River,0.0,0.9,0.1
2024-11-25 16:30:00,East Delta,0.1,0.3,0.1
2024-11-25 16:30:00,Lower Sacramento River,0.1,0.8,0.2
2024-11-25 16:30:00,South Delta,0.0,1.0,0.3
2024-11-25 16:30:00,Suisun Marsh,0.4,15.9,7.4
2024-11-25 16:30:00,Confluence,0.1,6.1,1.5
2024-11-25 16:30:00,Lower San Joaquin River,0.1,2.1,0.8
2024-11-25 16:30:00,SW Suisun,9.9,16.7,14.1
2024-11-25 16:30:00,SE Suisun,2.4,12.0,6.4
2024-11-25 16:30:00,NE Suisun,1.6,13.8,7.1
2024-11-25 16:30:00,NW Suisun,8.7,15.3,11.5
2024-11-26 16:30:00,Yolo Bypass,0.0,0.3,0.1
2024-11-26 16:30:00,Sacramento River,0.0,0.8,0.1
2024-11-26 16:30:00,East Delta,0.0,0.3,0.1
2024-11-26 16:30:00,Lower Sacramento River,0.1,0.8,0.1
2024-11-26 16:30:00,South Delta,0.0,1.0,0.3
2024-11-26 16:30:00,Suisun Marsh,0.1,15.9,6.6
2024-11-26 16:30:00,Confluence,0.1,5.7,0.9
2024-11-26 16:30:00,Lower San Joaquin River,0.1,1.5,0.7
2024-11-26 16:30:00,SW Suisun,7.3,14.7,11.7
2024-11-26 16:30:00,SE Suisun,1.2,9.5,4.3
2024-11-26 16:30:00,NE Suisun,1.6,13.7,5.0
2024-11-26 16:30:00,NW Suisun,6.1,13.5,9.7
2024-11-27 16:30:00,Yolo Bypass,0.0,0.3,0.1
2024-11-27 16:30:00,Sacramento River,0.0,0.8,0.1
2024-11-27 16:30:00,East Delta,0.1,0.3,0.1
2024-11-27 16:30:00,Lower Sacramento River,0.1,0.8,0.1
2024-11-27 16:30:00,South Delta,0.0,1.0,0.3
2024-11-27 16:30:00,Suisun Marsh,0.1,15.9,5.9
2024-11-27 16:30:00,Confluence,0.1,5.8,0.7
2024-11-27 16:30:00,Lower San Joaquin River,0.1,1.2,0.7
2024-11-27 16:30:00,SW Suisun,5.7,13.5,10.3
2024-11-27 16:30:00,SE Suisun,0.8,8.0,3.1
2024-11-27 16:30:00,NE Suisun,1.6,13.7,3.6
2024-11-27 16:30:00,NW Suisun,4.5,13.2,8.0
2024-11-28 16:30:00,Yolo Bypass,0.0,0.3,0.1
2024-11-28 16:30:00,Sacramento River,0.1,0.7,0.1
2024-11-28 16:30:00,East Delta,0.1,0.3,0.1
2024-11-28 16:30:00,Lower Sacramento River,0.1,0.7,0.1
2024-11-28 16:30:00,South Delta,0.0,1.0,0.3
2024-11-28 16:30:00,Suisun Marsh,0.1,15.9,5.2
2024-11-28 16:30:00,Confluence,0.1,5.6,0.5
2024-11-28 16:30:00,Lower San Joaquin River,0.1,1.2,0.6
2024-11-28 16:30:00,SW Suisun,5.0,12.7,9.5
2024-11-28 16:30:00,SE Suisun,0.6,7.1,2.5
2024-11-28 16:30:00,NE Suisun,1.1,13.6,2.7
2024-11-28 16:30:00,NW Suisun,3.4,13.0,6.7
2024-11-29 16:30:00,Yolo Bypass,0.0,0.3,0.1
2024-11-29 16:30:00,Sacramento River,0.1,0.7,0.1
2024-11-29 16:30:00,East Delta,0.1,0.3,0.1
2024-11-29 16:30:00,Lower Sacramento River,0.1,0.7,0.1
2024-11-29 16:30:00,South Delta,0.0,0.9,0.3
2024-11-29 16:30:00,Suisun Marsh,0.1,15.9,4.6
2024-11-29 16:30:00,Confluence,0.1,5.5,0.5
2024-11-29 16:30:00,Lower San Joaquin River,0.1,1.1,0.5
2024-11-29 16:30:00,SW Suisun,4.6,12.3,9.1
2024-11-29 16:30:00,SE Suisun,0.5,6.8,2.3
2024-11-29 16:30:00,NE Suisun,0.9,13.5,2.2
2024-11-29 16:30:00,NW Suisun,2.9,12.9,5.7
